mid,x1
1,0.03
2,0.05
3,0.05
4,0.05
5,0.07
6,0.03
7,0.03
8,0.03
9,0.03
11,0.05
12,0.05
13,0.05
14,0.07
15,0.05
17,0.07
18,0.05
19,0.05
20,0.12
21,0.05
22,0.03
23,0.05
24,0.05
25,0.15
26,0.03
27,0.03
28,0.07
29,0.03
30,0.03
31,0.03
32,0.03
33,0.05
34,0.05
35,0.10
36,0.05
37,0.03
38,0.03
39,0.07
40,0.07
41,0.03
42,0.12
43,0.05
44,0.05
45,0.03
46,0.03
47,0.03
48,0.05
49,0.03
50,0.05
51,0.03
52,0.03
53,0.05
54,0.03
55,0.07
56,0.05
57,0.03
58,0.10
59,0.03
60,0.10
61,0.05
62,0.05
63,0.07
64,0.03
66,0.03
68,0.03
69,0.05
70,0.05
71,0.05
72,0.07
73,0.07
74,0.12
75,0.12
76,0.12
77,0.05
78,0.03
79,0.07
81,0.07
82,0.03
83,0.07
84,0.05
85,0.07
86,0.05
87,0.05
88,0.05
90,0.03
92,0.05
93,0.05
94,0.05
95,0.03
96,0.10
97,0.03
98,0.03
99,0.03
100,0.05
101,0.03
102,0.05
103,0.03
104,0.03
105,0.07
106,0.05
107,0.05
108,0.05
109,0.15
110,0.05
111,0.03
112,0.07
113,0.07
114,0.05
115,0.03
116,0.03
118,0.03
119,0.03
120,0.05
121,0.03
122,0.10
125,0.17
127,0.05
128,0.05
129,0.07
130,0.07
131,0.05
132,0.07
133,0.07
134,0.05
135,0.03
136,0.03
137,0.05
138,0.05
139,0.05
140,0.07
141,0.03
142,0.05
143,0.05
144,0.03
145,0.03
146,0.05
147,0.03
148,0.03
149,0.05
150,0.05
151,0.05
152,0.07
153,0.03
154,0.03
155,0.05
156,0.03
157,0.07
158,0.03
159,0.07
160,0.05
161,0.03
162,0.05
163,0.05
165,0.07
166,0.05
167,0.03
168,0.03
169,0.05
170,0.03
171,0.33
172,0.05
173,0.05
175,0.12
176,0.05
177,0.03
178,0.07
179,0.05
180,0.03
181,0.03
182,0.03
183,0.05
184,0.03
185,0.05
187,0.10
188,0.03
189,0.05
190,0.07
191,0.03
193,0.05
194,0.05
195,0.03
196,0.07
197,0.05
198,0.03
199,0.03
200,0.05
201,0.10
202,0.03
203,0.03
204,0.03
205,0.05
206,0.05
207,0.12
208,0.12
209,0.57
210,0.05
211,0.10
212,0.30
213,0.03
214,0.03
215,0.05
216,0.05
217,0.03
218,0.10
219,0.05
220,0.03
221,0.05
222,0.05
223,0.05
224,0.03
225,0.05
226,0.05
227,0.05
228,0.03
229,0.05
230,0.05
231,0.03
232,0.03
233,0.07
234,0.05
235,0.07
236,0.03
237,0.03
238,0.03
239,0.05
240,0.05
241,0.03
242,0.05
243,0.03
244,0.03
245,0.05
246,0.12
247,0.03
248,0.05
249,0.03
250,0.07
251,0.05
253,0.05
255,0.05
256,0.05
257,0.03
258,0.03
259,0.07
261,0.03
262,0.10
263,0.05
265,0.03
266,0.05
267,0.03
268,0.05
269,0.05
270,0.03
271,0.05
272,0.05
273,0.07
274,0.05
275,0.05
276,0.05
277,0.05
278,0.05
279,0.03
280,0.03
281,0.07
282,0.03
283,0.03
284,0.05
285,0.05
286,0.17
287,0.03
288,0.07
289,0.07
290,0.05
291,0.07
292,0.03
293,0.03
294,0.03
295,0.05
296,0.05
297,0.05
298,0.05
299,0.05
300,0.03
301,0.03
302,0.03
303,0.07
304,0.07
305,0.07
306,0.03
307,0.05
308,0.05
310,0.03
311,0.05
312,0.03
313,0.05
314,0.07
315,0.03
316,0.05
317,0.07
318,0.05
319,0.03
321,0.10
323,0.05
324,0.05
325,0.05
326,0.05
327,0.05
328,0.05
329,0.03
330,0.15
331,0.03
332,0.03
333,0.03
334,0.05
335,0.03
336,0.03
337,0.05
338,0.03
339,0.10
340,0.03
341,0.05
342,0.07
343,0.05
344,0.05
345,0.05
346,0.05
347,0.05
348,0.03
349,0.03
350,0.05
351,0.07
353,0.03
354,0.03
355,0.05
356,0.03
357,0.05
358,0.05
359,0.05
360,0.03
361,0.07
362,0.03
363,0.03
364,0.03
365,0.03
366,0.03
367,0.03
368,0.07
369,0.03
370,0.05
371,0.05
372,0.05
373,0.05
374,0.03
375,0.05
376,0.03
377,0.05
378,0.03
379,0.03
380,0.23
381,0.05
382,0.15
383,0.03
384,0.05
385,0.10
386,0.10
387,0.05
388,0.12
389,0.05
390,0.03
391,0.10
392,0.03
393,0.03
394,0.03
395,0.10
396,0.05
397,0.12
398,0.07
399,0.05
400,0.05
401,0.03
402,0.03
403,0.05
405,0.03
406,0.05
407,0.05
408,0.05
409,0.05
410,0.10
411,0.10
412,0.05
413,0.03
414,0.03
415,0.03
416,0.07
417,0.05
419,0.05
420,0.05
421,0.05
422,0.05
423,0.05
424,0.03
425,0.03
426,0.03
427,0.05
428,0.07
429,0.03
430,0.05
431,0.05
432,0.05
433,0.05
434,0.05
435,0.07
436,0.05
437,0.05
438,0.05
440,0.10
441,0.07
442,0.05
443,0.05
445,0.03
446,0.03
447,0.05
448,0.03
449,0.07
450,0.50
451,0.10
452,0.03
453,0.05
454,0.05
455,0.03
456,0.05
457,0.07
458,0.05
459,0.05
460,0.03
461,0.17
462,0.07
463,0.07
464,0.17
465,0.03
468,0.03
469,0.03
470,0.03
471,0.05
472,0.03
474,0.03
475,0.03
476,0.03
477,0.05
478,0.07
479,0.03
480,0.05
481,0.03
482,0.03
483,0.05
484,0.05
485,0.03
486,0.05
487,0.05
488,0.05
489,0.05
490,0.05
491,0.03
492,0.07
493,0.03
494,0.05
495,0.07
496,0.10
497,0.05
498,0.03
499,0.03
500,0.05
501,0.03
502,0.05
503,0.23
504,0.05
505,0.05
506,0.05
508,0.17
509,0.03
510,0.05
511,0.03
512,0.10
513,0.03
514,0.05
515,0.05
516,0.05
517,0.05
518,0.05
519,0.05
520,0.03
521,0.05
522,0.03
523,0.07
524,0.07
525,0.03
526,0.03
527,0.05
528,0.03
529,0.05
530,0.03
531,0.07
532,0.03
533,0.07
534,0.03
535,0.03
537,0.03
538,0.05
539,0.05
540,0.05
541,0.05
543,0.05
544,0.03
545,0.07
546,0.03
547,0.10
548,0.05
549,0.03
550,0.05
551,0.03
552,0.03
553,0.05
554,0.05
555,0.12
556,0.03
557,0.05
558,0.03
559,0.05
560,0.05
561,0.05
562,0.03
564,0.10
565,0.03
567,0.07
568,0.05
569,0.05
570,0.05
571,0.05
572,0.03
573,0.05
574,0.05
575,0.03
576,0.12
577,0.03
578,0.05
580,0.05
581,0.05
582,0.15
583,0.03
584,0.03
586,0.03
587,0.07
588,0.03
589,0.07
590,0.05
591,0.05
592,0.07
593,0.05
595,0.05
596,0.03
597,0.03
598,0.05
599,0.12
600,0.07
601,0.03
602,0.05
604,0.07
605,0.05
606,0.05
607,0.07
608,0.05
609,0.03
610,0.03
611,0.10
612,0.03
613,0.05
614,0.07
615,0.05
616,0.05
617,0.05
618,0.07
619,0.07
620,0.10
621,0.03
622,0.03
623,0.05
624,0.05
625,0.05
626,0.05
627,0.05
628,0.07
629,0.12
630,0.05
631,0.03
632,0.07
633,0.03
634,0.03
635,0.05
636,0.05
637,0.05
638,0.07
639,0.03
640,0.05
641,0.05
642,0.25
643,0.03
644,0.03
645,0.05
646,0.05
647,0.05
648,0.05
649,0.12
650,0.07
651,0.03
652,0.03
653,0.05
654,0.05
655,0.03
656,0.05
657,0.05
658,0.03
659,0.03
660,0.03
662,0.03
663,0.05
664,0.10
665,0.07
666,0.03
667,0.03
668,0.03
669,0.03
670,0.05
671,0.07
672,0.07
673,0.05
674,0.10
675,0.05
676,0.03
677,0.05
678,0.05
679,0.03
680,0.07
682,0.03
683,0.20
684,0.05
685,0.05
686,0.05
687,0.07
688,0.03
690,0.03
691,0.03
692,0.03
693,0.03
694,0.03
695,0.03
696,0.05
697,0.05
698,0.05
699,0.10
700,0.05
701,0.05
702,0.05
703,0.03
704,0.07
705,0.07
706,0.07
707,0.20
708,0.05
709,0.05
710,0.05
711,0.10
712,0.05
713,0.05
714,0.05
715,0.07
716,0.05
717,0.03
718,0.05
719,0.05
720,0.03
721,0.05
723,0.07
724,0.07
725,0.03
726,0.03
728,0.03
729,0.07
730,0.03
731,0.05
732,0.05
733,0.05
734,0.10
735,0.05
736,0.05
737,0.03
738,0.03
739,0.03
741,0.10
742,0.07
743,0.05
744,0.07
745,0.05
746,0.07
747,0.05
748,0.10
749,0.05
750,0.03
751,0.05
752,0.05
753,0.05
754,0.03
755,0.12
756,0.05
757,0.03
758,0.03
759,0.03
760,0.25
761,0.05
762,0.05
763,0.03
764,0.05
765,0.05
766,0.03
767,0.05
768,0.07
770,0.07
771,0.05
772,0.07
773,0.05
774,0.05
775,0.20
776,0.05
777,0.05
778,0.05
779,0.10
780,0.05
781,0.05
782,0.07
783,0.05
784,0.03
785,0.03
786,0.07
787,0.07
788,0.05
789,0.03
790,0.05
791,0.03
792,0.05
793,0.05
794,0.05
795,0.03
796,0.05
797,0.50
798,0.12
799,0.07
800,0.07
801,0.05
802,0.05
803,0.10
804,0.05
805,0.05
806,0.10
807,0.05
809,0.10
810,0.05
811,0.03
812,0.05
813,0.03
814,0.07
816,0.03
817,0.03
818,0.03
819,0.07
820,0.03
821,0.03
822,0.12
823,0.05
824,0.05
825,0.07
827,0.05
828,0.05
829,0.05
830,0.03
832,0.05
833,0.07
834,0.05
835,0.05
836,0.05
837,0.03
838,0.03
839,0.03
840,0.07
841,0.05
842,0.03
843,0.03
844,0.07
845,0.05
846,0.03
847,0.03
848,0.05
849,0.03
850,0.07
851,0.05
853,0.05
854,0.10
855,0.03
856,0.03
857,0.07
858,0.03
859,0.07
860,0.05
861,0.05
862,0.05
863,0.05
864,0.03
865,0.05
866,0.05
867,0.03
868,0.03
869,0.05
870,0.05
871,0.07
872,0.03
873,0.03
874,0.07
875,0.03
876,0.15
877,0.05
878,0.03
879,0.05
880,0.05
881,0.05
882,0.03
883,0.10
884,0.03
885,0.03
886,0.03
887,0.05
888,0.03
889,0.05
890,0.05
891,0.05
892,0.12
893,0.03
894,0.07
895,0.03
896,0.05
897,0.03
898,0.07
899,0.03
900,0.05
901,0.07
902,0.05
903,0.05
904,0.10
905,0.03
906,0.03
907,0.03
908,0.03
909,0.05
910,0.05
911,0.07
912,0.03
913,0.07
914,0.05
915,0.10
916,0.03
917,0.03
918,0.03
919,0.05
920,0.05
921,0.03
922,0.05
923,0.05
924,0.17
925,0.03
926,0.10
927,0.03
928,0.05
929,0.03
930,0.03
931,0.15
932,0.03
933,0.03
934,0.03
935,0.03
936,0.07
937,0.05
938,0.05
939,0.10
940,0.03
941,0.05
942,0.03
943,0.07
944,0.05
945,0.05
946,0.03
947,0.03
948,0.03
949,0.03
950,0.03
951,0.05
952,0.07
953,0.03
954,0.03
955,0.05
956,0.05
958,0.07
959,0.07
960,0.05
961,0.07
962,0.05
963,0.05
964,0.03
965,0.05
966,0.05
967,0.03
968,0.03
969,0.03
970,0.23
971,0.05
972,0.03
973,0.05
974,0.10
975,0.03
976,0.03
977,0.05
978,0.05
979,0.05
980,0.05
981,0.03
982,0.05
983,0.03
984,0.15
985,0.05
986,0.07
987,0.05
988,0.05
989,0.05
990,0.03
991,0.07
992,0.05
993,0.03
994,0.05
995,0.05
996,0.20
997,0.05
998,0.05
999,0.03
1000,0.03
1001,0.07
1002,0.05
1003,0.03
1004,0.05
1005,0.05
1007,0.07
1008,0.03
1009,0.03
1010,0.05
1011,0.07
1012,0.03
1013,0.05
1014,0.03
1015,0.07
1016,0.05
1017,0.05
1018,0.05
1019,0.03
1020,0.03
1021,0.03
1022,0.05
1023,0.07
1024,0.03
1025,0.07
1026,0.05
1027,0.03
1028,0.07
1029,0.03
1030,0.03
1031,0.05
1032,0.05
1033,0.03
1034,0.05
1035,0.05
1036,0.07
1037,0.10
1039,0.03
1040,0.05
1041,0.17
1042,0.03
1043,0.03
1044,0.10
1045,0.03
1046,0.03
1047,0.03
1048,0.03
1049,0.03
1050,0.05
1051,0.05
1052,0.07
1053,0.03
1054,0.03
1055,0.03
1057,0.05
1058,0.03
1059,0.03
1060,0.03
1061,0.10
1062,0.03
1063,0.03
1064,0.03
1065,0.05
1066,0.03
1068,0.05
1069,0.03
1070,0.05
1071,0.05
1072,0.17
1073,0.07
1074,0.05
1075,0.07
1076,0.05
1077,0.05
1078,0.05
1079,0.03
1080,1.00
1081,0.05
1082,0.07
1083,0.07
1084,0.05
1085,0.03
1086,0.03
1087,0.05
1088,0.03
1089,0.05
1090,0.05
1091,0.07
1092,0.03
1093,0.03
1094,0.05
1095,0.05
1096,0.05
1097,0.03
1098,0.05
1099,0.05
1100,0.07
1101,0.03
1102,0.03
1103,0.03
1105,0.03
1106,0.10
1107,0.05
1108,0.03
1109,0.05
1110,0.05
1111,0.03
1112,0.05
1113,0.03
1114,0.05
1115,0.05
1116,0.05
1117,0.03
1118,0.10
1119,0.03
1120,0.05
1121,0.03
1122,0.05
1123,0.05
1124,0.03
1125,0.20
1126,0.07
1127,0.05
1128,0.03
1129,0.03
1130,0.05
1131,0.05
1132,0.05
1133,0.05
1134,0.03
1135,0.03
1136,0.05
1137,0.05
1138,0.05
1139,0.03
1140,0.03
1141,0.05
1142,0.03
1143,0.03
1144,0.03
1145,0.03
1147,0.05
1148,0.05
1149,0.10
1150,0.03
1151,0.05
1152,0.03
1153,0.07
1154,0.03
1155,0.05
1157,0.07
1158,0.03
1159,0.07
1160,0.07
1161,0.05
1162,0.03
1163,0.07
1164,0.03
1165,0.03
1166,0.03
1167,0.05
1168,0.05
1169,0.20
1170,0.03
1171,0.05
1172,0.03
1173,0.03
1174,0.05
1175,0.05
1176,0.07
1177,0.07
1178,0.03
1179,0.05
1180,0.05
1181,0.03
1182,0.10
1183,0.05
1184,0.05
1185,0.05
1186,0.05
1187,0.05
1188,0.05
1189,0.05
1190,0.03
1191,0.05
1192,0.03
1193,0.05
1194,0.07
1195,0.03
1196,0.05
1197,0.07
1198,0.03
1199,0.03
1200,0.03
1201,0.03
1202,0.05
1203,0.03
1204,0.03
1205,0.03
1206,0.03
1207,0.05
1208,0.05
1209,0.03
1210,0.07
1211,0.03
1212,0.05
1213,0.07
1214,0.05
1215,0.05
1216,0.07
1217,0.03
1218,0.05
1219,0.05
1220,0.03
1221,0.10
1222,0.03
1223,0.03
1224,0.05
1225,0.03
1226,0.05
1227,0.05
1228,0.03
1229,0.03
1230,0.03
1231,0.03
1232,0.05
1233,0.03
1234,0.03
1235,0.05
1236,0.05
1237,0.05
1238,0.05
1239,0.05
1240,0.05
1241,0.03
1242,0.05
1243,0.07
1244,0.28
1245,0.05
1246,0.03
1248,0.03
1249,0.07
1250,0.05
1251,0.03
1252,0.05
1253,0.15
1254,0.03
1255,0.03
1256,0.10
1257,0.05
1258,0.05
1259,0.03
1260,0.03
1262,0.03
1263,0.03
1264,0.10
1265,0.05
1266,0.10
1267,0.05
1268,0.05
1269,0.05
1270,0.10
1271,0.07
1272,0.03
1273,0.03
1274,0.05
1275,0.05
1277,0.03
1279,0.05
1280,0.05
1281,0.05
1282,0.07
1283,0.03
1284,0.05
1285,0.03
1286,0.05
1287,0.03
1288,0.05
1289,0.03
1290,0.05
1291,0.05
1292,0.05
1293,0.03
1294,0.03
1295,0.03
1296,0.07
1297,0.05
1298,0.05
1299,0.03
1300,0.10
1301,0.05
1303,0.05
1304,0.03
1305,0.05
1306,0.03
1307,0.05
1308,0.05
1309,0.07
1310,0.07
1311,0.03
1312,0.03
1313,0.03
1314,0.03
1315,0.05
1316,0.05
1317,0.10
1318,0.05
1319,0.03
1320,0.12
1321,0.03
1322,0.07
1324,0.07
1325,0.03
1326,0.05
1327,0.10
1328,0.05
1329,0.03
1330,0.05
1331,0.03
1332,0.03
1333,0.03
1334,0.05
1336,0.10
1337,0.05
1338,0.05
1339,0.05
1340,0.03
1341,0.05
1342,0.03
1343,0.05
1344,0.05
1345,0.12
1346,0.07
1347,0.03
1348,0.03
1351,0.05
1352,0.07
1353,0.05
1354,0.03
1355,0.05
1356,0.10
1357,0.05
1358,0.03
1359,0.03
1360,0.20
1361,0.05
1362,0.05
1363,0.07
1365,0.03
1366,0.05
1367,0.05
1368,0.03
1369,0.03
1370,0.07
1371,0.03
1372,0.05
1373,0.03
1375,0.05
1376,0.03
1377,0.05
1378,0.05
1379,0.10
1380,0.05
1381,0.03
1382,0.05
1383,0.07
1384,0.05
1385,0.03
1386,0.05
1387,0.03
1388,0.03
1389,0.03
1390,0.38
1391,0.05
1392,0.05
1393,0.05
1395,0.05
1396,0.05
1397,0.03
1398,0.10
1399,0.05
1400,0.03
1401,0.03
1402,0.05
1403,0.10
1404,0.05
1405,0.03
1406,0.05
1407,0.05
1408,0.03
1409,0.05
1410,0.05
1411,0.03
1412,0.05
1413,0.05
1414,0.05
1415,0.03
1416,0.03
1417,0.05
1418,0.05
1419,0.03
1420,0.05
1421,0.05
1422,0.05
1423,0.05
1424,0.05
1425,0.07
1426,0.03
1427,0.05
1428,0.03
1429,0.05
1430,0.10
1431,0.03
1432,0.05
1433,0.28
1434,0.07
1435,0.03
1436,0.03
1437,0.05
1438,0.05
1439,0.05
1440,0.10
1441,0.03
1442,0.07
1443,0.10
1444,0.05
1445,0.03
1446,0.07
1447,0.05
1448,0.10
1449,0.05
1450,0.03
1451,0.05
1452,0.05
1453,0.07
1454,0.12
1456,0.03
1457,0.07
1458,0.03
1459,0.05
1460,0.03
1461,0.05
1462,0.03
1464,0.05
1465,0.03
1466,0.03
1468,0.05
1469,0.33
1470,0.03
1471,0.03
1472,0.05
1474,0.05
1475,0.03
1476,0.07
1477,0.05
1478,0.03
1479,0.03
1480,0.05
1481,0.10
1482,0.05
1483,0.05
1484,0.03
1485,0.03
1486,0.05
1487,0.07
1488,0.05
1489,0.05
1490,0.03
1491,0.10
1492,0.05
1493,0.05
1494,0.05
1495,0.07
1496,0.03
1497,0.07
1498,0.07
1499,0.03
1501,0.03
1502,0.03
1503,0.03
1504,0.03
1505,0.03
1506,0.05
1507,0.03
1508,0.03
1509,0.03
1510,0.03
1511,0.05
1512,0.03
1513,0.05
1514,0.07
1515,0.07
1516,0.05
1517,0.03
1518,0.05
1519,0.03
1520,0.62
1521,0.05
1522,0.07
1523,0.03
1524,0.03
1525,0.03
1526,0.17
1527,0.03
1528,0.10
1529,0.05
1530,0.10
1531,0.05
1532,0.05
1533,0.05
1534,0.05
1536,0.05
1537,0.03
1538,0.03
1539,0.03
1540,0.10
1541,0.05
1542,0.05
1543,0.05
1544,0.10
1546,0.05
1548,0.03
1549,0.05
1550,0.03
1551,0.03
1552,0.05
1553,0.05
1554,0.03
1555,0.03
1556,0.05
1557,0.03
1558,0.03
1559,0.03
1560,0.05
1561,0.03
1562,0.03
1563,0.05
1564,0.05
1565,0.05
1566,0.05
1568,0.05
1569,0.33
1570,0.07
1571,0.03
1572,0.03
1573,0.05
1574,0.05
1575,0.03
1576,0.23
1577,0.03
1578,0.07
1579,0.07
1580,0.03
1581,0.05
1582,0.03
1583,0.07
1584,0.03
1585,0.17
1586,0.05
1587,0.03
1588,0.12
1589,0.05
1590,0.03
1591,0.03
1592,0.03
1593,0.03
1594,0.05
1595,0.05
1597,0.07
1598,0.05
1599,0.05
1600,0.03
1601,0.10
1602,0.05
1603,0.03
1604,0.05
1605,0.07
1606,0.07
1607,0.05
1608,0.03
1609,0.03
1610,0.05
1611,0.05
1612,0.03
1613,0.05
1614,0.07
1615,0.07
1616,0.07
1617,0.05
1618,0.05
1620,0.05
1621,0.05
1622,0.03
1623,0.10
1624,0.05
1625,0.07
1626,0.05
1627,0.10
1628,0.05
1629,0.03
1630,0.03
1631,0.05
1632,0.03
1633,0.03
1634,0.03
1635,0.03
1636,0.07
1637,0.12
1638,0.05
1639,0.03
1640,0.03
1641,0.03
1642,0.05
1643,0.03
1644,0.05
1645,0.05
1646,0.12
1647,0.05
1648,0.05
1649,0.03
1650,0.07
1651,0.03
1652,0.03
1653,0.10
1654,0.05
1655,0.10
1656,0.05
1657,0.03
1658,0.05
1659,0.03
1660,0.05
1661,0.03
1662,0.05
1663,0.05
1664,0.05
1665,0.03
1666,0.05
1667,0.03
1668,0.03
1669,0.05
1670,0.03
1671,0.05
1672,0.07
1673,0.05
1674,0.03
1675,0.05
1676,0.05
1677,0.03
1678,0.03
1679,0.03
1680,0.05
1681,0.03
1682,0.05
1683,0.03
1684,0.03
1685,0.07
1686,0.05
1687,0.07
1688,0.03
1690,0.03
1691,0.03
1692,0.05
1693,0.15
1694,0.03
1695,0.03
1697,0.05
1698,0.03
1699,0.07
1700,0.07
1701,0.05
1702,0.05
1703,0.03
1704,0.03
1705,0.03
1706,0.03
1707,0.03
1708,0.05
1709,0.03
1710,0.05
1711,0.03
1712,0.03
1713,0.07
1714,0.05
1715,0.07
1717,0.03
1718,0.05
1719,0.03
1720,0.03
1721,0.03
1722,0.05
1723,0.05
1724,0.05
1725,0.10
1726,0.03
1727,0.03
1728,0.03
1729,0.05
1730,0.05
1731,0.05
1732,0.12
1733,0.03
1734,0.03
1735,0.15
1736,0.05
1737,0.05
1738,0.05
1739,0.05
1740,0.05
1741,0.05
1742,0.05
1743,0.03
1744,0.03
1745,0.03
1746,0.03
1747,0.03
1748,0.05
1749,0.15
1750,0.05
1751,0.05
1752,0.05
1754,0.07
1755,0.07
1756,0.05
1757,0.05
1758,0.03
1759,0.05
1760,0.05
1761,0.03
1762,0.05
1763,0.07
1764,0.03
1765,0.03
1766,0.05
1767,0.07
1768,0.03
1769,0.05
1770,0.03
1771,0.05
1772,0.10
1773,0.05
1774,0.05
1775,0.07
1776,0.07
1777,0.03
1778,0.15
1779,0.05
1780,0.03
1781,0.03
1782,0.05
1783,0.05
1784,0.05
1785,0.03
1786,0.05
1787,0.05
1788,0.03
1789,0.05
1790,0.03
1791,0.05
1792,0.03
1793,0.10
1794,0.05
1795,0.07
1796,0.03
1797,0.03
1798,0.05
1799,0.05
1800,0.03
1801,0.05
1802,0.03
1803,0.05
1804,0.03
1805,0.05
1806,0.05
1807,0.07
1808,0.05
1809,0.10
1810,0.20
1811,0.03
1812,0.25
1813,0.07
1814,0.10
1815,0.05
1816,0.03
1817,0.05
1818,0.07
1819,0.03
1820,0.05
1821,0.05
1822,0.03
1823,0.05
1824,0.03
1825,0.05
1826,0.05
1827,0.05
1828,0.03
1829,0.28
1830,0.12
1831,0.07
1832,0.05
1833,0.05
1834,0.03
1835,0.03
1836,0.05
1837,0.05
1838,0.03
1839,0.20
1840,0.03
1841,0.05
1842,0.05
1843,0.03
1844,0.05
1845,0.10
1846,0.03
1847,0.03
1848,0.10
1849,0.05
1850,0.03
1851,0.05
1852,0.07
1853,0.12
1854,0.03
1855,0.10
1857,0.03
1858,0.03
1859,0.07
1860,0.25
1861,0.05
1862,0.07
1863,0.03
1864,0.05
1865,0.05
1866,0.05
1867,0.03
1869,0.05
1870,0.03
1871,0.03
1872,0.07
1873,0.12
1874,0.03
1876,0.07
1878,0.05
1879,0.03
1880,0.10
1881,0.05
1882,0.03
1883,0.03
1884,0.05
1885,0.03
1886,0.05
1887,0.03
1888,0.10
1889,0.05
1890,0.03
1891,0.05
1892,0.12
1893,0.05
1894,0.03
1895,0.05
1896,0.07
1897,0.07
1898,0.10
1899,0.03
1900,0.10
1901,0.03
1902,0.05
1903,0.03
1905,0.07
1906,0.05
1907,0.05
1909,0.07
1910,0.03
1911,0.03
1912,0.05
1913,0.07
1914,0.03
1915,0.07
1916,0.10
1918,0.03
1919,0.03
1920,0.03
1921,0.05
1922,0.03
1923,0.12
1924,0.03
1925,0.05
1926,0.05
1927,0.07
1928,0.03
1929,0.05
1930,0.03
1931,0.05
1932,0.05
1933,0.03
1934,0.03
1935,0.03
1936,0.15
1937,0.05
1938,0.03
1939,0.05
1940,0.07
1941,0.07
1942,0.03
1943,0.05
1944,0.05
1945,0.30
1946,0.03
1947,0.05
1948,0.10
1949,0.05
1950,0.10
1951,0.15
1952,0.05
1953,0.03
1954,0.10
1955,0.03
1956,0.03
1957,0.03
1958,0.03
1959,0.07
1961,0.03
1962,0.05
1963,0.05
1964,0.07
1965,0.07
1967,0.05
1968,0.10
1969,0.05
1970,0.05
1971,0.05
1972,0.05
1973,0.03
1974,0.03
1975,0.05
1976,0.03
1977,0.03
1978,0.05
1979,0.03
1980,0.03
1981,0.03
1982,0.03
1983,0.03
1984,0.05
1985,0.03
1986,0.03
1987,0.05
1988,0.05
1989,0.05
1990,0.03
1991,0.03
1992,0.03
1993,0.05
1995,0.03
1997,0.03
1998,0.05
1999,0.05
2000,0.03
2001,0.03
2002,0.07
2003,0.05
2004,0.10
2005,0.07
2006,0.05
2007,0.07
2008,0.05
2009,0.03
2010,0.03
2011,0.03
2012,0.05
2013,0.03
2014,0.05
2015,0.03
2016,0.05
2017,0.05
2018,0.03
2019,0.05
2020,0.20
2021,0.03
2022,0.17
2023,0.03
2024,0.03
2025,0.05
2026,0.05
2027,0.03
2028,0.05
2029,0.03
2030,0.05
2031,0.07
2032,0.05
2033,0.03
2034,0.03
2035,0.05
2036,0.15
2037,0.05
2038,0.03
2039,0.03
2040,0.03
2041,0.03
2042,0.05
2043,0.03
2044,0.03
2045,0.03
2046,0.07
2047,0.05
2048,0.03
2049,0.03
2050,0.23
2051,0.07
2052,0.03
2053,0.03
2054,0.05
2055,0.05
2056,0.03
2057,0.05
2058,0.03
2059,0.03
2061,0.05
2062,0.05
2063,0.03
2064,0.03
2065,0.05
2066,0.03
2067,0.10
2069,0.05
2070,0.10
2071,0.05
2072,0.03
2073,0.03
2074,0.07
2075,0.07
2076,0.03
2077,0.05
2078,0.05
2079,0.03
2080,0.20
2081,0.05
2082,0.05
2083,0.05
2084,0.03
2085,0.10
2086,0.07
2087,0.05
2088,0.05
2089,0.05
2090,0.05
2091,0.05
2092,0.05
2093,0.05
2094,0.12
2095,0.03
2096,0.05
2097,0.05
2098,0.05
2099,0.05
2100,0.07
2101,0.03
2102,0.05
2104,0.10
2106,0.07
2107,0.12
2108,0.03
2109,0.07
2110,0.05
2111,0.03
2112,0.07
2113,0.05
2114,0.03
2116,0.05
2117,0.07
2118,0.03
2119,0.10
2120,0.07
2121,0.05
2122,0.05
2123,0.05
2125,0.05
2126,0.03
2127,0.05
2128,0.05
2129,0.03
2130,0.05
2131,0.05
2132,0.03
2133,0.03
2134,0.03
2135,0.03
2136,0.05
2137,0.03
2138,0.05
2139,0.03
2140,0.03
2141,0.05
2142,0.07
2143,0.05
2144,0.07
2145,0.05
2146,0.07
2147,0.03
2148,0.03
2149,0.03
2150,0.05
2151,0.03
2152,0.03
2153,0.05
2155,0.03
2156,0.03
2157,0.05
2158,0.03
2159,0.05
2161,0.05
2162,0.03
2163,0.03
2164,0.05
2165,0.03
2166,0.05
2167,0.12
2168,0.05
2169,0.07
2170,0.05
2171,0.05
2172,0.07
2173,0.05
2174,0.05
2175,0.05
2176,0.03
2177,0.07
2178,0.05
2180,0.07
2181,0.05
2183,0.07
2184,0.03
2185,0.03
2186,0.05
2187,0.05
2188,0.03
2189,0.05
2190,0.05
2191,0.03
2192,0.05
2193,0.05
2194,0.03
2195,0.05
2196,0.07
2197,0.03
2198,0.10
2199,0.10
2200,0.03
2201,0.03
2202,0.07
2203,0.05
2204,0.03
2205,0.03
2206,0.20
2207,0.05
2208,0.05
2209,0.03
2210,0.07
2211,0.05
2212,0.03
2213,0.05
2214,0.05
2215,0.07
2216,0.05
2217,0.05
2218,0.05
2219,0.05
2220,0.03
2221,0.05
2222,0.05
2223,0.05
2224,0.05
2225,0.07
2226,0.05
2227,0.07
2228,0.03
2229,0.03
2230,0.07
2231,0.03
2232,0.10
2233,0.07
2234,0.07
2235,0.05
2236,0.05
2237,0.07
2238,0.05
2240,0.07
2241,0.07
2242,0.03
2243,0.03
2244,0.05
2246,0.03
2247,0.12
2248,0.03
2249,0.03
2250,0.05
2251,0.05
2252,0.05
2253,0.03
2254,0.05
2256,0.03
2257,0.07
2258,0.05
2259,0.05
2260,0.05
2261,0.03
2262,0.10
2263,0.03
2264,0.05
2265,0.03
2266,0.05
2267,0.05
2268,0.05
2269,0.05
2270,0.05
2271,0.05
2272,0.03
2273,0.03
2274,0.05
2275,0.03
2276,0.03
2277,0.12
2279,0.05
2280,0.03
2281,0.05
2282,0.07
2283,0.03
2284,0.03
2285,0.23
2286,0.05
2287,0.05
2288,0.10
2289,0.03
2290,0.05
2291,0.03
2292,0.03
2294,0.03
2295,0.05
2296,0.05
2297,0.03
2298,0.05
2299,0.03
2300,0.03
2301,0.05
2303,0.03
2304,0.03
2305,0.10
2306,0.10
2307,0.05
2308,0.10
2309,0.05
2310,0.05
2311,0.05
2312,0.05
2313,0.05
2314,0.05
2315,0.05
2316,0.03
2317,0.03
2318,0.03
2319,0.12
2320,0.07
2321,0.07
2322,0.17
2323,0.03
2324,0.03
2325,0.03
2326,0.03
2327,0.03
2328,0.03
2329,0.03
2330,0.07
2331,0.07
2332,0.05
2333,0.10
2334,0.07
2335,0.05
2336,0.05
2337,0.05
2338,0.10
2339,0.15
2340,0.03
2341,0.03
2342,0.10
2343,0.05
2344,0.05
2345,0.07
2346,0.05
2347,0.05
2348,0.03
2349,0.05
2350,0.03
2351,0.05
2352,0.07
2353,0.03
2354,0.03
2355,0.03
2356,0.05
2357,0.03
2358,0.10
2360,0.03
2361,0.07
2362,0.03
2363,0.05
2364,0.05
2365,0.07
2366,0.05
2367,0.03
2368,0.05
2369,0.05
2370,0.03
2371,0.07
2372,0.05
2373,0.03
2374,0.05
2375,0.05
2376,0.03
2377,0.05
2378,0.05
2379,0.03
2380,0.03
2381,0.05
2382,0.10
2383,0.03
2384,0.03
2385,0.05
2386,0.03
2387,0.03
2388,0.03
2389,0.05
2390,0.05
2391,0.05
2392,0.05
2393,0.05
2394,0.05
2395,0.03
2396,0.05
2397,0.07
2398,0.03
2399,0.12
2400,0.05
2402,0.03
2403,0.07
2404,0.07
2405,0.03
2406,0.05
2407,0.05
2408,0.12
2409,0.03
2410,0.03
2411,0.03
2412,0.03
2413,0.03
2414,0.05
2415,0.05
2416,0.03
2417,0.03
2418,0.05
2420,0.07
2421,0.03
2422,0.05
2423,0.10
2424,0.03
2425,0.03
2426,0.03
2427,0.03
2428,0.03
2429,0.05
2430,0.05
2431,0.05
2432,0.07
2433,0.12
2434,0.10
2435,0.07
2436,0.17
2437,0.05
2438,0.17
2439,0.03
2440,0.05
2441,0.05
2442,0.07
2443,0.03
2444,0.03
2445,0.05
2446,0.05
2447,0.05
2448,0.05
2449,0.07
2450,0.05
2451,0.03
2452,0.10
2453,0.05
2454,0.15
2455,0.03
2456,0.07
2457,0.10
2458,0.05
2459,0.05
2460,0.05
2461,0.07
2463,0.07
2464,0.03
2466,0.03
2467,0.05
2468,0.03
2469,0.05
2470,0.03
2471,0.03
2472,0.05
2473,0.05
2474,0.03
2475,0.05
2476,0.03
2477,0.05
2478,0.03
2479,0.05
2480,0.03
2481,0.03
2482,0.05
2483,0.03
2484,0.03
2485,0.07
2486,0.05
2487,0.10
2488,0.05
2489,0.05
2490,0.05
2491,0.07
2492,0.03
2493,0.03
2494,0.03
2496,0.05
2497,0.03
2498,0.05
2499,0.03
2500,0.03
2501,0.03
2502,0.03
2503,0.05
2504,0.15
2505,0.05
2506,0.07
2507,0.03
2508,0.05
2509,0.07
2510,0.05
2511,0.05
2512,0.05
2514,0.03
2515,0.03
2516,0.03
2517,0.05
2518,0.03
2519,0.12
2520,0.07
2521,0.03
2523,0.05
2524,0.03
2525,0.03
2526,0.03
2527,0.03
2528,0.03
2529,0.03
2530,0.03
2531,0.10
2532,0.07
2533,0.05
2534,0.03
2535,0.05
2536,0.07
2537,0.03
2538,0.03
2539,0.05
2540,0.05
2541,0.05
2542,0.05
2543,0.05
2544,0.03
2545,0.10
2546,0.03
2548,0.03
2549,0.07
2550,0.07
2551,0.03
2552,0.05
2553,0.03
2554,0.07
2555,0.03
2556,0.05
2557,0.03
2558,0.12
2559,0.07
2560,0.05
2561,0.05
2562,0.03
2564,0.03
2566,0.05
2567,0.10
2568,0.05
2570,0.03
2571,0.03
2572,0.03
2573,0.03
2574,0.05
2576,0.07
2577,0.05
2578,0.03
2579,0.05
2580,0.03
2581,0.03
2582,0.07
2583,0.05
2584,0.05
2585,0.07
2586,0.07
2587,0.05
2588,0.05
2589,0.05
2590,0.03
2591,0.05
2592,0.12
2593,0.07
2594,0.05
2595,0.05
2596,0.05
2597,0.03
2598,0.03
2599,0.03
2600,0.03
2601,0.03
2602,0.05
2603,0.03
2604,0.03
2606,0.05
2607,0.03
2608,0.03
2609,0.05
2610,0.10
2611,0.03
2612,0.05
2613,0.05
2614,0.05
2615,0.12
2616,0.05
2617,0.05
2618,0.05
2619,0.15
2620,0.10
2621,0.05
2622,0.30
2623,0.03
2624,0.05
2625,0.07
2626,0.03
2627,0.03
2628,0.05
2629,0.05
2630,0.03
2631,0.03
2632,0.07
2633,0.05
2634,0.07
2635,0.15
2636,0.03
2637,0.05
2638,0.05
2639,0.03
2640,0.05
2641,0.05
2642,0.03
2643,0.03
2645,0.17
2646,0.05
2647,0.05
2648,0.05
2649,0.03
2651,0.03
2652,0.05
2653,0.05
2654,0.03
2655,0.07
2656,0.05
2657,0.05
2658,0.07
2659,0.07
2660,0.05
2661,0.15
2662,0.10
2663,0.03
2664,0.05
2665,0.05
2666,0.05
2667,0.12
2668,0.07
2669,0.05
2670,0.03
2671,0.07
2672,0.05
2673,0.05
2674,0.03
2675,0.05
2676,0.10
2677,0.05
2678,0.07
2679,0.10
2680,0.03
2681,0.10
2682,0.05
2683,0.03
2684,0.03
2685,0.05
2686,0.03
2687,0.03
2688,0.05
2689,0.03
2690,0.03
2691,0.15
2692,0.05
2693,0.10
2694,0.03
2695,0.05
2696,0.10
2697,0.05
2698,0.05
2699,0.05
2700,0.10
2701,0.05
2702,0.07
2703,0.05
2704,0.05
2705,0.05
2706,0.05
2707,0.05
2708,0.03
2709,0.35
2710,0.03
2711,0.03
2712,0.12
2713,0.03
2714,0.07
2715,0.05
2716,0.03
2717,0.05
2718,0.03
2719,0.07
2720,0.05
2721,0.03
2722,0.07
2723,0.07
2726,0.10
2727,0.05
2728,0.03
2729,0.05
2730,0.03
2731,0.12
2732,0.03
2733,0.05
2734,0.03
2735,0.07
2736,0.07
2737,0.05
2738,0.12
2739,0.03
2741,0.03
2742,0.03
2743,0.03
2745,0.03
2746,0.05
2747,0.05
2748,0.05
2749,0.10
2750,0.03
2751,0.03
2752,0.03
2753,0.03
2754,0.05
2755,0.07
2756,0.15
2757,0.07
2758,0.03
2760,0.03
2761,0.05
2762,0.23
2763,0.03
2764,0.05
2765,0.17
2766,0.03
2767,0.03
2768,0.05
2769,0.03
2770,0.05
2771,0.05
2772,0.05
2773,0.03
2774,0.05
2775,0.03
2776,0.05
2777,0.03
2778,0.05
2779,0.05
2780,0.07
2781,0.10
2782,0.03
2783,0.12
2784,0.07
2785,0.05
2786,0.07
2787,0.03
2788,0.03
2790,0.03
2791,0.05
2792,0.05
2794,0.05
2795,0.05
2796,0.03
2797,0.03
2798,0.05
2799,0.03
2800,0.03
2801,0.03
2802,0.03
2803,0.03
2804,0.20
2806,0.03
2807,0.07
2808,0.03
2809,0.03
2810,0.03
2811,0.05
2812,0.03
2813,0.12
2814,0.03
2815,0.05
2816,0.03
2817,0.03
2818,0.03
2819,0.05
2820,0.05
2821,0.03
2823,0.07
2824,0.03
2825,0.05
2826,0.05
2827,0.07
2828,0.05
2829,0.03
2830,0.03
2831,0.03
2832,0.03
2833,0.05
2834,0.05
2835,0.07
2836,0.03
2837,0.15
2838,0.07
2839,0.05
2840,0.05
2841,0.05
2842,0.07
2843,0.03
2844,0.05
2845,0.05
2846,0.05
2847,0.07
2848,0.10
2849,0.03
2850,0.03
2851,0.05
2852,0.23
2853,0.05
2854,0.15
2855,0.05
2856,0.03
2857,0.10
2858,0.05
2859,0.03
2860,0.03
2861,0.05
2862,0.05
2863,0.07
2864,0.03
2865,0.05
2866,0.03
2867,0.05
2868,0.07
2869,0.05
2870,0.03
2871,0.05
2872,0.12
2873,0.05
2874,0.03
2875,0.05
2876,0.05
2877,0.05
2878,0.05
2879,0.05
2880,0.03
2881,0.03
2882,0.07
2883,0.05
2884,0.05
2885,0.05
2886,0.03
2887,0.05
2888,0.05
2889,0.10
2890,0.05
2891,0.03
2892,0.05
2893,0.03
2894,0.05
2895,0.03
2896,0.03
2897,0.05
2899,0.07
2900,0.05
2901,0.05
2902,0.10
2903,0.03
2904,0.05
2905,0.07
2907,0.03
2908,0.07
2909,0.10
2911,0.05
2912,0.05
2913,0.10
2914,0.07
2915,0.03
2916,0.03
2917,0.03
2918,0.03
2919,0.05
2920,0.05
2921,0.03
2922,0.03
2923,0.05
2924,0.05
2925,0.05
2926,0.05
2927,0.05
2928,0.03
2929,0.05
2930,0.05
2931,0.03
2932,0.10
2933,0.03
2934,0.05
2935,0.03
2937,0.03
2938,0.05
2940,0.05
2941,0.05
2942,0.05
2943,0.03
2944,0.05
2945,0.05
2946,0.05
2947,0.05
2948,0.03
2949,0.05
2950,0.07
2951,0.03
2952,0.03
2953,0.03
2954,0.05
2955,0.05
2956,0.07
2957,0.07
2958,0.03
2959,0.03
2960,0.03
2961,0.03
2962,0.05
2963,0.10
2964,0.05
2965,0.03
2966,0.07
2967,0.03
2968,0.03
2969,0.17
2970,0.12
2971,0.05
2972,0.05
2973,0.12
2974,0.03
2975,0.12
2976,0.07
2977,0.05
2978,0.05
2979,0.05
2980,0.05
2981,0.05
2982,0.05
2983,0.03
2984,0.03
2985,0.05
2986,0.03
2987,0.07
2988,0.05
2989,0.05
2990,0.10
2991,0.03
2992,0.03
2993,0.05
2994,0.05
2995,0.05
2996,0.07
2997,0.03
2998,0.07
2999,0.07
3000,0.03
3001,0.05
3002,0.03
3004,0.05
3005,0.05
3006,0.03
3007,0.07
3008,0.05
3009,0.05
3010,0.05
3011,0.03
3012,0.03
3013,0.10
3014,0.05
3015,0.05
3016,0.03
3017,0.05
3018,0.05
3019,0.03
3020,0.07
3021,0.05
3022,0.12
3024,0.03
3025,0.10
3026,0.05
3027,0.03
3028,0.17
3029,0.03
3030,0.03
3031,0.05
3032,0.03
3033,0.03
3034,0.12
3035,0.05
3036,0.03
3037,0.10
3038,0.07
3039,0.05
3040,0.05
3041,0.05
3042,0.05
3043,0.05
3044,0.03
3045,0.05
3046,0.35
3047,0.05
3048,0.03
3049,0.05
3050,0.05
3051,0.03
3052,0.05
3053,0.05
3054,0.07
3055,0.03
3056,0.03
3057,0.03
3058,0.03
3059,0.03
3060,0.05
3061,0.03
3062,0.07
3063,0.03
3064,0.07
3065,0.03
3066,0.05
3067,0.03
3068,0.05
3069,0.03
3070,0.03
3071,0.05
3072,0.10
3074,0.07
3075,0.17
3076,0.10
3077,0.05
3078,0.05
3081,0.05
3082,0.07
3083,0.05
3084,0.03
3086,0.05
3087,0.03
3088,0.03
3089,0.07
3090,0.03
3091,0.05
3092,0.03
3093,0.03
3094,0.10
3095,0.05
3096,0.12
3097,0.05
3098,0.05
3099,0.05
3100,0.03
3101,0.12
3102,0.05
3103,0.12
3104,0.07
3105,0.05
3106,0.05
3107,0.05
3108,0.03
3109,0.05
3110,0.05
3111,0.05
3112,0.17
3113,0.03
3114,0.07
3115,0.05
3116,0.07
3117,0.25
3118,0.03
3119,0.03
3120,0.05
3121,0.03
3122,0.05
3123,0.07
3124,0.05
3125,0.03
3126,0.05
3127,0.03
3128,0.03
3129,0.05
3130,0.05
3131,0.05
3132,0.03
3133,0.05
3134,0.03
3135,0.07
3136,0.05
3137,0.05
3138,0.05
3139,0.05
3140,0.05
3141,0.03
3142,0.03
3143,0.05
3144,0.03
3145,0.03
3146,0.07
3147,0.05
3148,0.03
3149,0.03
3150,0.03
3151,0.03
3152,0.05
3153,0.03
3154,0.03
3155,0.12
3156,0.03
3157,0.05
3158,0.12
3159,0.05
3160,0.05
3161,0.07
3162,0.05
3163,0.05
3164,0.05
3165,0.15
3166,0.03
3167,0.05
3168,0.07
3169,0.03
3170,0.12
3171,0.07
3172,0.12
3173,0.15
3174,0.05
3175,0.10
3176,0.03
3177,0.03
3178,0.05
3179,0.05
3180,0.03
3181,0.05
3182,0.07
3183,0.05
3184,0.05
3186,0.03
3187,0.03
3189,0.05
3190,0.03
3191,0.05
3192,0.05
3193,0.03
3194,0.03
3196,0.07
3197,0.03
3198,0.05
3199,0.05
3200,0.03
3201,0.03
3202,0.05
3203,0.05
3205,0.07
3206,0.05
3207,0.03
3208,0.03
3209,0.05
3210,0.05
3211,0.05
3212,0.05
3213,0.05
3214,0.07
3215,0.03
3216,0.03
3217,0.03
3218,0.05
3219,0.03
3220,0.05
3221,0.03
3222,0.10
3223,0.05
3224,0.03
3225,0.05
3227,0.03
3228,0.03
3229,0.05
3230,0.05
3231,0.17
3232,0.05
3233,0.05
3234,0.03
3235,0.05
3236,0.05
3237,0.05
3238,0.03
3239,0.05
3240,0.05
3241,0.15
3243,0.05
3244,0.05
3245,0.07
3246,0.03
3247,0.03
3248,0.05
3249,0.03
3250,0.05
3251,0.33
3252,0.03
3253,0.07
3254,0.03
3255,0.03
3256,0.05
3257,0.10
3258,0.03
3259,0.05
3260,0.03
3261,0.05
3262,0.05
3263,0.05
3264,0.03
3265,0.05
3266,0.05
3267,0.10
3269,0.05
3271,0.03
3272,0.03
3273,0.05
3274,0.03
3275,0.05
3276,0.07
3277,0.05
3278,0.03
3279,0.10
3280,0.03
3281,0.05
3282,0.05
3283,0.12
3284,0.12
3285,0.03
3286,0.07
3287,0.05
3288,0.07
3289,0.05
3290,0.05
3291,0.15
3292,0.07
3293,0.12
3294,0.03
3295,0.05
3297,0.05
3298,0.23
3299,0.07
3300,0.03
3301,0.05
3302,0.03
3303,0.03
3304,0.05
3305,0.10
3306,0.05
3307,0.03
3309,0.03
3310,0.07
3311,0.03
3312,0.05
3313,0.07
3314,0.05
3315,0.05
3316,0.10
3318,0.10
3319,0.05
3320,0.03
3321,0.03
3322,0.05
3323,0.05
3324,0.03
3326,0.05
3327,0.03
3328,0.05
3329,0.03
3330,0.07
3331,0.05
3332,0.03
3333,0.05
3334,0.03
3335,0.07
3336,0.03
3337,0.05
3338,0.10
3339,0.05
3340,0.07
3341,0.03
3342,0.15
3343,0.05
3345,0.03
3346,0.10
3347,0.03
3348,0.05
3349,0.07
3351,0.05
3352,0.10
3353,0.10
3354,0.05
3355,0.03
3356,0.05
3357,0.03
3358,0.03
3359,0.03
3360,0.10
3361,0.03
3362,0.17
3363,0.03
3364,0.07
3365,0.05
3366,0.03
3367,0.10
3368,0.03
3369,0.03
3370,0.05
3371,0.05
3372,0.05
3373,0.03
3374,0.05
3375,0.05
3376,0.07
3377,0.05
3378,0.05
3379,0.05
3380,0.03
3381,0.23
3383,0.05
3384,0.03
3385,0.03
3386,0.03
3387,0.05
3388,0.07
3389,0.10
3390,0.05
3391,0.05
3392,0.03
3393,0.05
3394,0.10
3395,0.05
3396,0.05
3397,0.05
3398,0.05
3399,0.03
3401,0.07
3402,0.03
3403,0.10
3404,0.03
3405,0.05
3406,0.20
3407,0.05
3408,0.03
3409,0.03
3410,0.05
3411,0.05
3412,0.03
3413,0.03
3414,0.05
3415,0.05
3416,0.03
3417,0.05
3418,0.03
3419,0.07
3420,0.03
3422,0.03
3423,0.07
3424,0.10
3425,0.05
3426,0.05
3427,0.05
3428,0.05
3429,0.05
3430,0.03
3431,0.05
3433,0.05
3434,0.05
3435,0.03
3436,0.05
3437,0.03
3439,0.05
3440,0.05
3441,0.10
3442,0.05
3443,0.07
3444,0.07
3445,0.07
3446,0.03
3447,0.10
3448,0.03
3449,0.25
3450,0.07
3451,0.03
3452,0.03
3453,0.05
3454,0.03
3455,0.03
3456,0.03
3457,0.03
3458,0.03
3459,0.03
3461,0.03
3462,0.10
3463,0.03
3464,0.03
3465,0.07
3466,0.05
3467,0.03
3468,0.10
3469,0.03
3470,0.05
3471,0.03
3472,0.05
3473,0.05
3474,0.03
3475,0.03
3476,0.03
3477,0.10
3478,0.03
3479,0.07
3480,0.10
3481,0.03
3482,0.05
3483,0.03
3484,0.03
3485,0.05
3486,0.05
3487,0.03
3488,0.15
3489,0.10
3490,0.05
3491,0.03
3492,0.07
3493,0.12
3494,0.03
3495,0.10
3496,0.05
3497,0.05
3498,0.03
3499,0.07
3500,0.05
3501,0.03
3502,0.03
3503,0.03
3504,0.03
3505,0.05
3506,0.03
3507,0.10
3510,0.03
3512,0.10
3513,0.15
3514,0.03
3516,0.07
3518,0.28
3519,0.05
3520,0.03
3521,0.05
3522,0.03
3523,0.05
3524,0.05
3525,0.10
3526,0.05
3527,0.12
3528,0.03
3529,0.05
3530,0.05
3532,0.17
3533,0.05
3534,0.05
3535,0.03
3536,0.05
3537,0.07
3538,0.03
3539,0.05
3540,0.03
3541,0.05
3542,0.05
3543,0.05
3544,0.03
3545,0.05
3546,0.05
3547,0.05
3548,0.05
3549,0.05
3550,0.15
3551,0.07
3552,0.05
3553,0.10
3554,0.07
3555,0.05
3556,0.03
3557,0.03
3558,0.03
3559,0.10
3560,0.05
3561,0.07
3562,0.03
3563,0.05
3564,0.07
3565,0.05
3566,0.05
3567,0.07
3568,0.07
3569,0.05
3570,0.10
3571,0.07
3572,0.05
3573,0.05
3574,0.12
3575,0.03
3576,0.03
3577,0.03
3578,0.03
3579,0.03
3581,0.05
3582,0.03
3583,0.03
3584,0.05
3585,0.05
3587,0.05
3589,0.07
3590,0.05
3591,0.03
3593,0.03
3594,0.05
3595,0.03
3596,0.03
3597,0.23
3598,0.05
3599,0.07
3600,0.05
3602,0.12
3603,0.03
3604,0.03
3606,0.03
3607,0.05
3608,0.05
3609,0.07
3610,0.03
3611,0.05
3612,0.03
3613,0.03
3614,0.03
3615,0.03
3616,0.10
3617,0.05
3618,0.03
3619,0.03
3620,0.07
3621,0.28
3622,0.05
3623,0.05
3624,0.03
3625,0.07
3626,0.05
3628,0.05
3629,0.03
3630,0.10
3631,0.05
3632,0.05
3634,0.05
3635,0.05
3636,0.07
3637,0.03
3638,0.03
3639,0.05
3640,0.05
3641,0.15
3642,0.05
3643,0.05
3644,0.05
3645,0.05
3646,0.10
3647,0.05
3648,0.03
3649,0.03
3650,0.03
3651,0.07
3652,0.05
3653,0.05
3654,0.10
3655,0.10
3656,0.07
3657,0.05
3658,0.03
3659,0.05
3660,0.05
3661,0.07
3662,0.03
3663,0.07
3664,0.07
3665,0.07
3666,0.05
3667,0.05
3668,0.03
3669,0.07
3670,0.03
3671,0.05
3672,0.05
3673,0.12
3674,0.07
3675,0.05
3676,0.05
3677,0.05
3678,0.03
3679,0.07
3680,0.07
3681,0.05
3682,0.03
3683,0.03
3685,0.03
3686,0.03
3687,0.05
3688,0.03
3690,0.05
3691,0.03
3692,0.03
3693,0.07
3694,0.05
3695,0.03
3696,0.03
3697,0.03
3698,0.05
3699,0.05
3700,0.05
3701,0.03
3702,0.05
3703,0.03
3704,0.05
3705,0.03
3706,0.07
3707,0.05
3708,0.05
3709,0.05
3710,0.10
3711,0.05
3712,0.05
3713,0.05
3714,0.03
3715,0.03
3717,0.07
3719,0.03
3720,0.05
3722,0.07
3723,0.05
3724,0.05
3725,0.05
3726,0.03
3727,0.03
3728,0.05
3729,0.07
3730,0.03
3731,0.05
3732,0.07
3733,0.05
3734,0.05
3735,0.03
3736,0.03
3737,0.03
3738,0.03
3739,0.03
3740,0.05
3742,0.05
3743,0.05
3744,0.03
3745,0.05
3746,0.05
3747,0.03
3748,0.05
3749,0.07
3750,0.15
3751,0.03
3752,0.05
3753,0.03
3754,0.03
3755,0.10
3756,0.03
3757,0.07
3758,0.03
3759,0.05
3760,0.07
3761,0.03
3762,0.15
3763,0.05
3764,0.03
3765,0.03
3766,0.10
3767,0.05
3768,0.05
3769,0.03
3770,0.28
3771,0.05
3772,0.03
3773,0.07
3774,0.03
3775,0.05
3776,0.03
3777,0.05
3778,0.03
3779,0.05
3780,0.07
3781,0.05
3782,0.03
3783,0.05
3784,0.05
3785,0.10
3786,0.12
3787,0.05
3788,0.03
3789,0.03
3790,0.03
3791,0.03
3792,0.10
3793,0.03
3794,0.03
3795,0.07
3796,0.05
3798,0.07
3799,0.03
3800,0.03
3801,0.05
3802,0.07
3803,0.05
3804,0.03
3805,0.05
3806,0.03
3807,0.15
3808,0.05
3809,0.05
3810,0.10
3811,0.05
3813,0.05
3814,0.05
3815,0.05
3817,0.03
3818,0.03
3819,0.05
3820,0.05
3821,0.05
3822,0.03
3823,0.05
3824,0.05
3825,0.03
3826,0.07
3827,0.05
3828,0.05
3829,0.05
3830,0.03
3831,0.05
3832,0.03
3833,0.05
3834,0.03
3835,0.05
3836,0.05
3837,0.05
3838,0.03
3839,0.05
3840,0.07
3841,0.03
3842,0.03
3843,0.03
3844,0.05
3845,0.07
3846,0.03
3847,0.07
3848,0.07
3849,0.05
3850,0.07
3851,0.03
3852,0.05
3853,0.03
3854,0.05
3855,0.15
3856,0.03
3857,0.07
3859,0.05
3861,0.07
3862,0.07
3865,0.03
3866,0.03
3867,0.07
3868,0.05
3869,0.03
3870,0.05
3871,0.07
3872,0.03
3873,0.05
3874,0.05
3875,0.03
3876,0.07
3877,0.07
3878,0.05
3880,0.05
3881,0.03
3882,0.05
3883,0.05
3884,0.05
3885,0.05
3886,0.10
3887,0.03
3888,0.07
3889,0.03
3890,0.10
3891,0.05
3892,0.05
3894,0.03
3895,0.05
3896,0.03
3897,0.05
3898,0.12
3899,0.12
3900,0.03
3901,0.03
3902,0.05
3903,0.10
3904,0.03
3905,0.03
3906,0.03
3907,0.05
3908,0.05
3909,0.03
3910,0.03
3911,0.03
3913,0.03
3914,0.03
3915,0.05
3916,0.05
3917,0.07
3918,0.03
3919,0.05
3920,0.03
3921,0.05
3922,0.03
3923,0.07
3924,0.05
3925,0.05
3926,0.05
3927,0.15
3928,0.05
3929,0.03
3930,0.05
3931,0.03
3932,0.05
3933,0.03
3934,0.05
3935,0.05
3936,0.03
3937,0.03
3938,0.03
3939,0.25
3940,0.03
3941,0.05
3942,0.05
3943,0.03
3944,0.05
3945,0.03
3946,0.05
3947,0.03
3948,0.03
3949,0.07
3950,0.03
3951,0.05
3952,0.10
3953,0.05
3954,0.10
3955,0.05
3956,0.05
3957,0.03
3958,0.12
3959,0.03
3960,0.07
3961,0.03
3962,0.05
3963,0.03
3964,0.05
3965,0.03
3966,0.07
3967,0.03
3969,0.05
3970,0.05
3971,0.07
3972,0.05
3973,0.03
3974,0.03
3975,0.05
3977,0.05
3978,0.03
3979,0.05
3980,0.10
3981,0.07
3982,0.05
3983,0.05
3984,0.03
3985,0.03
3986,0.07
3987,0.05
3988,0.05
3989,0.03
3990,0.03
3991,0.03
3992,0.05
3993,0.05
3995,0.03
3996,0.05
3997,0.10
3998,0.05
4000,0.05
4001,0.03
4002,0.10
4003,0.05
4004,0.05
4005,0.03
4006,0.05
4007,0.05
4008,0.05
4009,0.05
4010,0.03
4011,0.15
4012,0.03
4013,0.05
4014,0.05
4015,0.07
4016,0.03
4017,0.05
4018,0.10
4019,0.05
4020,0.03
4021,0.05
4023,0.03
4024,0.05
4025,0.03
4026,0.05
4027,0.03
4028,0.07
4029,0.03
4030,0.10
4031,0.03
4032,0.05
4033,0.05
4034,0.05
4035,0.03
4036,0.05
4037,0.10
4038,0.05
4039,0.03
4040,0.03
4042,0.03
4043,0.10
4044,0.05
4045,0.07
4046,0.05
4047,0.03
4048,0.23
4049,0.05
4050,0.05
4051,0.03
4052,0.03
4053,0.10
4054,0.03
4056,0.10
4057,0.10
4058,0.05
4059,0.10
4061,0.05
4062,0.07
4063,0.03
4064,0.03
4065,0.05
4066,0.05
4067,0.05
4068,0.03
4069,0.05
4070,0.23
4072,0.03
4073,0.03
4074,0.05
4075,0.07
4077,0.05
4078,0.03
4079,0.03
4080,0.03
4081,0.03
4082,0.03
4083,0.38
4084,0.10
4086,0.03
4087,0.05
4088,0.05
4089,0.05
4090,0.03
4091,0.03
4092,0.05
4094,0.05
4095,0.05
4096,0.05
4098,0.03
4099,0.10
4100,0.05
4102,0.07
4103,0.05
4104,0.03
4105,0.05
4106,0.07
4107,0.03
4108,0.05
4109,0.03
4110,0.03
4111,0.05
4112,0.07
4113,0.05
4114,0.05
4115,0.03
4116,0.07
4117,0.07
4119,0.03
4120,0.07
4121,0.03
4122,0.03
4123,0.10
4124,0.05
4125,0.03
4126,0.05
4127,0.05
4128,0.05
4129,0.03
4130,0.05
4131,0.03
4132,0.03
4133,0.05
4134,0.07
4135,0.05
4136,0.03
4137,0.23
4138,0.05
4139,0.07
4140,0.03
4141,0.03
4142,0.12
4143,0.03
4144,0.05
4145,0.05
4146,0.07
4147,0.03
4149,0.07
4150,0.03
4151,0.05
4152,0.03
4153,0.05
4154,0.07
4155,0.07
4156,0.03
4157,0.05
4158,0.03
4159,0.05
4160,0.07
4161,0.03
4162,0.03
4163,0.07
4164,0.05
4165,0.03
4166,0.05
4167,0.05
4168,0.03
4169,0.03
4170,0.05
4171,0.05
4172,0.03
4173,0.07
4174,0.05
4175,0.03
4176,0.03
4177,0.03
4178,0.05
4179,0.03
4180,0.05
4181,0.03
4182,0.03
4183,0.03
4184,0.05
4185,0.03
4186,0.05
4187,0.03
4188,0.05
4189,0.03
4190,0.05
4191,0.05
4192,0.03
4193,0.03
4194,0.05
4195,0.10
4196,0.05
4197,0.03
4198,0.03
4200,0.03
4201,0.03
4202,0.10
4203,0.03
4204,0.07
4205,0.03
4206,0.10
4207,0.03
4208,0.05
4209,0.05
4210,0.05
4211,0.07
4212,0.03
4213,0.07
4214,0.03
4215,0.03
4216,0.05
4217,0.03
4218,0.03
4219,0.05
4220,0.25
4221,0.03
4222,0.03
4223,0.03
4224,0.05
4225,0.05
4226,0.10
4227,0.05
4228,0.03
4229,0.03
4230,0.03
4231,0.05
4232,0.03
4233,0.05
4234,0.15
4235,0.03
4236,0.03
4237,0.05
4238,0.05
4239,0.07
4240,0.07
4241,0.05
4242,0.07
4243,0.03
4244,0.03
4245,0.03
4247,0.05
4248,0.05
4249,0.03
4250,0.03
4251,0.03
4252,0.05
4253,0.03
4254,0.05
4255,0.03
4256,0.03
4257,0.05
4258,0.10
4259,0.03
4260,0.20
4261,0.03
4262,0.03
4263,0.07
4264,0.03
4265,0.05
4266,0.05
4267,0.05
4268,0.07
4269,0.03
4270,0.05
4271,0.05
4272,0.07
4273,0.05
4274,0.03
4275,0.07
4276,0.05
4277,0.05
4278,0.05
4279,0.05
4280,0.03
4281,0.07
4282,0.07
4283,0.05
4285,0.05
4286,0.03
4287,0.07
4289,0.03
4290,0.03
4291,0.05
4292,0.05
4293,0.03
4294,0.05
4296,0.03
4297,0.07
4298,0.03
4299,0.07
4300,0.05
4301,0.05
4302,0.05
4303,0.05
4304,0.03
4305,0.05
4306,0.05
4308,0.07
4309,0.05
4310,0.05
4311,0.05
4312,0.05
4313,0.03
4314,0.05
4315,0.03
4316,0.03
4317,0.05
4318,0.03
4319,0.03
4320,0.07
4321,0.05
4322,0.07
4323,0.03
4324,0.03
4325,0.03
4326,0.07
4327,0.05
4328,0.07
4329,0.03
4330,0.05
4331,0.12
4332,0.03
4333,0.03
4334,0.05
4335,0.05
4336,0.03
4337,0.05
4338,0.12
4339,0.05
4341,0.05
4342,0.05
4343,0.03
4344,0.03
4345,0.07
4346,0.03
4347,0.03
4348,0.05
4350,0.05
4351,0.05
4352,0.03
4353,0.05
4354,0.05
4355,0.03
4356,0.05
4357,0.05
4358,0.03
4359,0.05
4360,0.05
4361,0.10
4362,0.03
4363,0.03
4364,0.05
4365,0.03
4366,0.05
4367,0.05
4368,0.03
4369,0.10
4370,0.05
4371,0.03
4372,0.05
4373,0.03
4374,0.05
4375,0.03
4376,0.03
4377,0.17
4378,0.03
4379,0.05
4381,0.05
4382,0.05
4383,0.05
4384,0.05
4385,0.03
4386,0.05
4387,0.05
4388,0.10
4389,0.07
4390,0.03
4391,0.03
4392,0.03
4393,0.05
4394,0.03
4395,0.07
4396,0.05
4397,0.03
4398,0.03
4399,0.03
4400,0.03
4401,0.05
4402,0.05
4403,0.05
4404,0.03
4405,0.10
4406,0.03
4407,0.05
4409,0.03
4410,0.05
4411,0.05
4412,0.05
4413,0.03
4414,0.07
4416,0.03
4417,0.05
4418,0.05
4419,0.05
4420,0.03
4421,0.05
4422,0.05
4423,0.03
4424,0.03
4425,0.03
4426,0.03
4427,0.15
4428,0.05
4429,0.05
4430,0.05
4431,0.07
4432,0.03
4433,0.03
4434,0.05
4435,0.05
4436,0.05
4437,0.03
4438,0.05
4439,0.05
4440,0.05
4441,0.05
4442,0.10
4445,0.03
4446,0.05
4447,0.10
4448,0.05
4449,0.05
4450,0.05
4451,0.07
4452,0.05
4453,0.05
4454,0.03
4455,0.05
4456,0.05
4457,0.03
4458,0.05
4459,0.05
4460,0.03
4461,0.05
4462,0.07
4463,0.05
4464,0.07
4465,0.03
4466,0.07
4467,0.05
4468,0.05
4469,0.03
4470,0.05
4471,0.07
4472,0.12
4473,0.05
4474,0.03
4477,0.05
4478,0.03
4479,0.05
4480,0.07
4481,0.03
4482,0.03
4483,0.03
4484,0.07
4485,0.05
4486,0.03
4487,0.05
4488,0.03
4489,0.05
4490,0.05
4492,0.03
4494,0.03
4495,0.05
4496,0.05
4497,0.03
4498,0.07
4499,0.03
4500,0.05
4501,0.03
4502,0.05
4503,0.05
4504,0.07
4505,0.03
4506,0.03
4507,0.03
4508,0.05
4509,0.03
4510,0.03
4511,0.05
4512,0.05
4513,0.05
4514,0.07
4515,0.15
4517,0.05
4518,0.03
4519,0.05
4520,0.03
4521,0.03
4522,0.03
4523,0.12
4524,0.03
4525,0.05
4526,0.07
4527,0.03
4528,0.07
4529,0.05
4530,0.07
4531,0.05
4532,0.03
4533,0.07
4534,0.03
4535,0.05
4536,0.07
4537,0.05
4538,0.05
4539,0.05
4540,0.05
4541,0.03
4542,0.07
4543,0.12
4544,0.07
4545,0.10
4546,0.05
4547,0.05
4548,0.05
4550,0.07
4551,0.05
4552,0.03
4553,0.03
4554,0.05
4556,0.05
4557,0.05
4558,0.03
4559,0.03
4560,0.03
4561,0.03
4562,0.03
4564,0.05
4565,0.03
4566,0.03
4567,0.05
4568,0.10
4569,0.10
4570,0.20
4571,0.05
4572,0.03
4573,0.05
4574,0.05
4575,0.07
4576,0.05
4577,0.15
4578,0.03
4579,0.20
4580,0.05
4581,0.07
4582,0.30
4583,0.12
4584,0.23
4585,0.03
4586,0.07
4587,0.05
4588,0.05
4589,0.03
4591,0.05
4592,0.03
4593,0.05
4594,0.05
4595,0.07
4596,0.03
4597,0.10
4598,0.05
4599,0.10
4600,0.05
4601,0.05
4602,0.05
4604,0.03
4605,0.03
4606,0.05
4607,0.03
4608,0.03
4609,0.05
4610,0.05
4611,0.03
4613,0.05
4614,0.05
4615,0.05
4616,0.05
4617,0.07
4618,0.03
4619,0.03
4620,0.03
4621,0.05
4622,0.05
4623,0.03
4624,0.05
4625,0.05
4626,0.05
4627,0.05
4628,0.05
4629,0.07
4630,0.03
4631,0.05
4632,0.05
4633,0.05
4634,0.07
4635,0.03
4636,0.10
4637,0.03
4638,0.07
4639,0.03
4640,0.07
4641,0.03
4642,0.05
4643,0.05
4644,0.05
4645,0.05
4646,0.05
4647,0.05
4649,0.07
4650,0.03
4651,0.05
4652,0.05
4653,0.05
4654,0.12
4655,0.05
4656,0.03
4657,0.05
4658,0.03
4659,0.07
4660,0.07
4661,0.15
4662,0.03
4663,0.17
4664,0.07
4665,0.03
4666,0.05
4668,0.03
4669,0.07
4670,0.03
4671,0.03
4672,0.05
4673,0.05
4674,0.05
4675,0.07
4676,0.07
4677,0.10
4678,0.03
4679,0.12
4680,0.03
4681,0.03
4682,0.05
4683,0.03
4684,0.05
4685,0.03
4686,0.03
4687,0.10
4688,0.03
4689,0.05
4690,0.03
4691,0.05
4692,0.03
4693,0.05
4694,0.05
4695,0.03
4696,0.05
4697,0.05
4698,0.03
4699,0.05
4700,0.30
4701,0.03
4702,0.05
4703,0.03
4704,0.05
4705,0.07
4706,0.03
4707,0.05
4708,0.03
4709,0.03
4710,0.05
4711,0.03
4712,0.03
4713,0.05
4714,0.05
4715,0.03
4716,0.05
4717,0.05
4718,0.05
4719,0.05
4720,0.20
4721,0.03
4722,0.03
4723,0.05
4724,0.03
4725,0.05
4726,0.05
4727,0.03
4728,0.07
4729,0.03
4730,0.07
4731,0.03
4732,0.07
4733,0.03
4734,0.07
4735,0.03
4736,0.07
4737,0.03
4738,0.03
4739,0.05
4740,0.03
4742,0.07
4743,0.03
4744,0.05
4745,0.03
4746,0.10
4747,0.05
4748,0.15
4749,0.07
4750,0.03
4751,0.03
4752,0.03
4753,0.10
4754,0.05
4755,0.05
4756,0.03
4757,0.05
4758,0.03
4759,0.17
4760,0.03
4761,0.05
4763,0.03
4764,0.03
4765,0.07
4766,0.03
4768,0.07
4769,0.07
4770,0.03
4771,0.12
4772,0.05
4773,0.03
4774,0.03
4775,0.05
4776,0.05
4777,0.05
4778,0.03
4779,0.05
4780,0.05
4781,0.03
4782,0.05
4783,0.03
4784,0.07
4785,0.07
4786,0.05
4787,0.05
4788,0.03
4789,0.05
4790,0.07
4791,0.07
4792,0.07
4793,0.07
4794,0.05
4795,0.05
4796,0.05
4797,0.03
4798,0.03
4799,0.05
4800,0.03
4801,0.10
4802,0.05
4803,0.03
4804,0.03
4805,0.10
4806,0.03
4807,0.07
4808,0.20
4809,0.05
4810,0.05
4811,0.05
4812,0.05
4813,0.03
4814,0.05
4815,0.03
4816,0.05
4817,0.03
4818,0.05
4819,0.03
4820,0.05
4821,0.05
4822,0.05
4823,0.05
4825,0.03
4826,0.05
4827,0.10
4828,0.12
4829,0.03
4830,0.10
4831,0.05
4832,0.07
4833,0.07
4835,0.03
4836,0.05
4837,0.03
4838,0.05
4839,0.03
4840,0.05
4841,0.05
4842,0.05
4843,0.03
4844,0.03
4845,0.07
4846,0.05
4847,0.07
4848,0.07
4849,0.03
4850,0.03
4851,0.05
4852,0.07
4853,0.05
4854,0.03
4855,0.07
4856,0.07
4857,0.07
4858,0.05
4859,0.05
4860,0.60
4861,0.05
4862,0.07
4863,0.05
4864,0.03
4865,0.03
4866,0.05
4867,0.05
4868,0.03
4869,0.05
4870,0.03
4871,0.03
4872,0.05
4873,0.05
4874,0.05
4875,0.03
4876,0.03
4877,0.05
4878,0.03
4879,0.03
4880,0.03
4881,0.03
4882,0.05
4883,0.07
4884,0.03
4885,0.07
4886,0.05
4887,0.05
4888,0.07
4889,0.03
4890,0.03
4891,0.05
4892,0.05
4894,0.10
4895,0.05
4896,0.03
4897,0.05
4898,0.05
4899,0.05
4900,0.05
4901,0.05
4902,0.03
4903,0.07
4904,0.05
4905,0.05
4906,0.15
4907,0.05
4908,0.05
4909,0.12
4910,0.03
4911,0.03
4912,0.10
4913,0.03
4915,0.03
4916,0.03
4917,0.03
4918,0.03
4919,0.10
4920,0.05
4921,0.03
4922,0.05
4923,0.05
4924,0.12
4925,0.05
4926,0.15
4927,0.03
4928,0.05
4929,0.07
4930,0.23
4931,0.05
4932,0.05
4933,0.05
4934,0.05
4935,0.05
4936,0.07
4937,0.07
4938,0.05
4939,0.10
4941,0.07
4942,0.10
4943,0.05
4944,0.05
4945,0.07
4946,0.05
4947,0.05
4948,0.03
4949,0.03
4950,0.05
4951,0.12
4952,0.03
4953,0.15
4954,0.05
4955,0.03
4956,0.05
4957,0.05
4958,0.05
4960,0.07
4961,0.05
4962,0.05
4963,0.05
4964,0.05
4965,0.07
4966,0.07
4967,0.05
4968,0.05
4969,0.03
4970,0.03
4971,0.05
4972,0.05
4973,0.07
4974,0.07
4975,0.23
4976,0.07
4978,0.05
4980,0.03
4981,0.05
4982,0.03
4983,0.05
4984,0.05
4985,0.05
4986,0.07
4987,0.03
4988,0.03
4989,0.10
4990,0.03
4991,0.03
4992,0.07
4993,0.03
4994,0.05
4995,0.03
4996,0.03
4997,0.03
4998,0.03
5000,0.05
5001,0.07
5002,0.03
5003,0.05
5004,0.07
5005,0.03
5006,0.23
5007,0.03
5008,0.03
5009,0.05
5010,0.55
5011,0.05
5012,0.05
5013,0.07
5014,0.03
5015,0.05
5016,0.05
5017,0.03
5018,0.07
5019,0.03
5020,0.05
5021,0.05
5022,0.10
5023,0.05
5024,0.03
5025,0.05
5026,0.05
5027,0.12
5028,0.05
5029,0.07
5030,0.10
5031,0.05
5032,0.30
5033,0.07
5035,0.03
5036,0.12
5038,0.05
5039,0.07
5040,0.07
5041,0.07
5042,0.05
5043,0.05
5044,0.05
5045,0.15
5046,0.03
5047,0.03
5049,0.03
5050,0.05
5051,0.03
5052,0.05
5053,0.20
5054,0.03
5055,0.05
5056,0.05
5057,0.05
5058,0.03
5059,0.05
5060,0.03
5061,0.05
5064,0.05
5065,0.03
5066,0.03
5067,0.03
5068,0.05
5069,0.05
5070,0.17
5071,0.03
5072,0.03
5073,0.03
5074,0.10
5075,0.10
5076,0.03
5077,0.05
5078,0.07
5079,0.05
5080,0.05
5081,0.05
5082,0.05
5083,0.07
5084,0.10
5085,0.03
5086,0.07
5088,0.05
5089,0.07
5090,0.03
5091,0.07
5092,0.03
5093,0.03
5094,0.05
5095,0.05
5096,0.05
5097,0.10
5098,0.07
5099,0.05
5100,0.05
5101,0.07
5102,0.03
5103,0.03
5104,0.05
5105,0.03
5106,0.12
5107,0.03
5108,0.05
5109,0.10
5110,0.05
5111,0.05
5112,0.05
5113,0.07
5114,0.05
5115,0.03
5116,0.07
5117,0.03
5118,0.05
5119,0.03
5120,0.07
5121,0.07
5122,0.05
5123,0.07
5124,0.10
5125,0.03
5126,0.03
5127,0.05
5128,0.03
5129,0.05
5130,0.03
5131,0.03
5132,0.05
5133,0.03
5134,0.03
5135,0.05
5136,0.05
5137,0.05
5138,0.35
5139,0.03
5140,0.05
5141,0.03
5142,0.05
5143,0.10
5144,0.05
5145,0.03
5146,0.05
5147,0.12
5148,0.03
5149,0.03
5150,0.05
5151,0.03
5152,0.33
5153,0.05
5154,0.03
5155,0.05
5156,0.03
5157,0.03
5158,0.10
5159,0.05
5160,0.05
5161,0.03
5162,0.10
5163,0.15
5164,0.03
5165,0.05
5166,0.03
5167,0.03
5168,0.03
5169,0.07
5170,0.03
5171,0.03
5172,0.10
5173,0.03
5175,0.03
5176,0.05
5177,0.03
5178,0.05
5179,0.07
5180,0.05
5181,0.05
5182,0.05
5183,0.10
5184,0.03
5185,0.05
5186,0.03
5187,0.03
5188,0.05
5189,0.05
5190,0.03
5191,0.03
5192,0.05
5194,0.03
5195,0.07
5196,0.05
5197,0.05
5198,0.05
5199,0.05
5200,0.05
5201,0.03
5202,0.07
5203,0.03
5204,0.05
5205,0.07
5206,0.07
5207,0.05
5208,0.05
5209,0.03
5210,0.05
5211,0.05
5212,0.05
5213,0.05
5214,0.03
5215,0.03
5216,0.03
5217,0.05
5218,0.03
5219,0.03
5220,0.03
5221,0.05
5222,0.03
5223,0.10
5224,0.03
5225,0.07
5226,0.05
5227,0.05
5228,0.03
5229,0.05
5230,0.05
5231,0.05
5232,0.05
5233,0.05
5234,0.03
5235,0.03
5236,0.25
5237,0.12
5239,0.03
5240,0.05
5242,0.03
5243,0.05
5244,0.05
5245,0.05
5246,0.03
5248,0.03
5249,0.05
5250,0.05
5251,0.03
5252,0.03
5253,0.05
5254,0.03
5255,0.05
5256,0.38
5257,0.07
5258,0.03
5259,0.05
5260,0.03
5261,0.10
5262,0.03
5263,0.03
5264,0.03
5265,0.07
5266,0.05
5267,0.05
5268,0.03
5269,0.05
5270,0.07
5271,0.03
5272,0.05
5274,0.07
5275,0.05
5276,0.05
5277,0.05
5278,0.03
5279,0.05
5280,0.05
5281,0.07
5282,0.03
5283,0.05
5284,0.05
5285,0.03
5286,0.03
5287,0.03
5288,0.05
5289,0.05
5290,0.05
5291,0.03
5292,0.03
5293,0.03
5294,0.12
5295,0.03
5296,0.05
5297,0.10
5298,0.03
5299,0.05
5300,0.05
5301,0.07
5302,0.03
5303,0.03
5304,0.03
5305,0.03
5306,0.03
5307,0.03
5308,0.07
5309,0.03
5310,0.05
5311,0.03
5312,0.05
5313,0.07
5314,0.05
5316,0.03
5317,0.05
5318,0.05
5319,0.03
5320,0.03
5321,0.03
5322,0.03
5323,0.03
5324,0.03
5327,0.07
5328,0.03
5329,0.05
5330,0.05
5331,0.05
5332,0.10
5333,0.03
5334,0.10
5335,0.03
5336,0.03
5337,0.05
5338,0.05
5340,0.03
5341,0.10
5342,0.03
5343,0.05
5344,0.07
5345,0.05
5346,0.03
5347,0.07
5348,0.05
5349,0.05
5350,0.05
5351,0.05
5352,0.05
5353,0.12
5354,0.03
5355,0.05
5356,0.17
5357,0.05
5358,0.05
5359,0.03
5360,0.05
5362,0.07
5363,0.10
5364,0.03
5365,0.03
5367,0.05
5368,0.05
5369,0.03
5370,0.05
5371,0.07
5372,0.05
5374,0.05
5375,0.03
5376,0.07
5377,0.05
5378,0.03
5380,0.05
5381,0.05
5382,0.05
5383,0.07
5384,0.05
5385,0.07
5386,0.05
5387,0.07
5388,0.05
5389,0.05
5390,0.03
5391,0.03
5392,0.03
5393,0.07
5394,0.05
5395,0.05
5396,0.07
5397,0.03
5398,0.05
5399,0.03
5400,0.03
5401,0.07
5402,0.03
5403,0.05
5404,0.05
5405,0.05
5406,0.05
5407,0.03
5408,0.15
5409,0.03
5412,0.03
5413,0.15
5414,0.07
5415,0.05
5416,0.05
5417,0.05
5418,0.05
5419,0.03
5420,0.07
5421,0.07
5422,0.03
5423,0.05
5424,0.03
5425,0.05
5426,0.03
5427,0.05
5428,0.10
5429,0.05
5430,0.05
5431,0.05
5432,0.05
5433,0.05
5434,0.05
5435,0.05
5436,0.03
5437,0.03
5438,0.03
5439,0.07
5440,0.05
5441,0.03
5442,0.03
5443,0.10
5444,0.05
5445,0.03
5446,0.03
5447,0.05
5448,0.03
5449,0.03
5450,0.03
5451,0.03
5453,0.03
5454,0.03
5455,0.07
5456,0.03
5457,0.03
5458,0.03
5459,0.03
5460,0.05
5461,0.05
5462,0.03
5463,0.07
5464,0.05
5465,0.03
5466,0.03
5467,0.07
5468,0.03
5469,0.05
5470,0.05
5471,0.03
5472,0.07
5473,0.05
5474,0.10
5475,0.05
5476,0.05
5477,0.05
5478,0.05
5479,0.10
5480,0.05
5481,0.05
5482,0.05
5483,0.05
5484,0.03
5485,0.05
5486,0.05
5487,0.03
5488,0.03
5489,0.03
5490,0.07
5492,0.03
5493,0.03
5494,0.05
5495,0.03
5496,0.03
5497,0.03
5498,0.03
5499,0.05
5500,0.05
5501,0.05
5502,0.03
5503,0.03
5504,0.03
5505,0.05
5506,0.05
5507,0.05
5508,0.03
5509,0.07
5510,0.03
5511,0.03
5512,0.07
5513,0.05
5514,0.03
5515,0.03
5516,0.12
5517,0.03
5518,0.05
5519,0.05
5520,0.05
5521,0.03
5523,0.05
5524,0.10
5525,0.03
5526,0.03
5527,0.05
5528,0.05
5529,0.05
5530,0.05
5531,0.05
5532,0.03
5533,0.03
5534,0.03
5535,0.15
5536,0.05
5537,0.05
5538,0.07
5539,0.03
5540,0.07
5541,0.03
5542,0.05
5543,0.07
5544,0.05
5545,0.05
5546,0.03
5547,0.03
5548,0.03
5549,0.05
5550,0.05
5551,0.05
5552,0.05
5553,0.03
5554,0.03
5555,0.05
5556,0.12
5557,0.10
5558,0.05
5559,0.10
5560,0.03
5561,0.03
5562,0.05
5564,0.05
5565,0.03
5566,0.05
5567,0.03
5568,0.03
5569,0.03
5571,0.03
5572,0.05
5573,0.03
5574,0.10
5575,0.07
5576,0.05
5577,0.03
5578,0.05
5579,0.03
5580,0.05
5581,0.05
5582,0.10
5583,0.05
5584,0.03
5585,0.07
5586,0.10
5588,0.03
5589,0.03
5590,0.05
5591,0.20
5592,0.03
5595,0.05
5596,0.17
5597,0.03
5598,0.05
5599,0.07
5600,0.03
5601,0.05
5602,0.05
5603,0.05
5604,0.07
5605,0.03
5606,0.03
5607,0.03
5608,0.12
5609,0.07
5610,0.05
5611,0.03
5612,0.03
5613,0.03
5614,0.15
5615,0.03
5616,0.03
5617,0.03
5618,0.05
5619,0.07
5620,0.03
5621,0.05
5622,0.03
5623,0.03
5624,0.03
5625,0.05
5626,0.05
5627,0.20
5628,0.07
5629,0.03
5630,0.07
5631,0.03
5632,0.10
5633,0.05
5634,0.03
5635,0.03
5636,0.05
5637,0.03
5638,0.03
5639,0.10
5640,0.03
5641,0.03
5642,0.05
5643,0.07
5644,0.05
5645,0.03
5646,0.03
5647,0.07
5648,0.03
5649,0.07
5650,0.05
5651,0.05
5652,0.03
5653,0.03
5654,0.07
5656,0.05
5657,0.03
5658,0.05
5659,0.05
5661,0.03
5662,0.05
5663,0.03
5664,0.05
5665,0.05
5666,0.05
5667,0.03
5670,0.03
5671,0.03
5672,0.07
5673,0.07
5674,0.05
5675,0.05
5676,0.05
5677,0.07
5678,0.03
5679,0.05
5680,0.07
5681,0.07
5682,0.07
5684,0.03
5685,0.05
5686,0.05
5687,0.05
5688,0.12
5689,0.05
5690,0.03
5691,0.05
5692,0.05
5693,0.05
5694,0.07
5695,0.03
5696,0.10
5697,0.10
5698,0.05
5699,0.03
5700,0.03
5701,0.10
5702,0.05
5703,0.03
5704,0.10
5705,0.03
5706,0.07
5707,0.05
5708,0.07
5709,0.07
5710,0.03
5711,0.05
5713,0.05
5714,0.03
5715,0.05
5716,0.05
5717,0.15
5718,0.05
5719,0.05
5720,0.03
5721,0.03
5722,0.05
5723,0.03
5724,0.05
5725,0.03
5727,0.03
5728,0.05
5729,0.07
5730,0.03
5731,0.05
5732,0.03
5733,0.03
5734,0.10
5735,0.05
5736,0.07
5737,0.05
5738,0.03
5739,0.05
5740,0.03
5741,0.03
5742,0.05
5743,0.05
5744,0.07
5745,0.03
5746,0.03
5747,0.07
5748,0.05
5749,0.05
5750,0.05
5752,0.07
5753,0.05
5754,0.03
5755,0.10
5756,0.07
5757,0.05
5758,0.03
5759,0.03
5760,0.05
5761,0.03
5762,0.10
5763,0.03
5764,0.03
5765,0.05
5766,0.03
5768,0.03
5769,0.05
5770,0.05
5771,0.07
5772,0.03
5773,0.28
5774,0.05
5775,0.10
5776,0.03
5777,0.15
5778,0.05
5780,0.03
5781,0.05
5782,0.05
5783,0.07
5784,0.03
5785,0.03
5786,0.05
5787,0.10
5788,0.05
5789,0.07
5790,0.03
5791,0.05
5792,0.07
5793,0.03
5794,0.07
5795,0.05
5796,0.05
5798,0.05
5799,0.03
5800,0.07
5801,0.03
5802,0.03
5803,0.33
5804,0.03
5805,0.05
5806,0.03
5807,0.03
5808,0.03
5809,0.03
5810,0.05
5811,0.03
5812,0.05
5813,0.10
5815,0.05
5816,0.05
5818,0.05
5819,0.05
5820,0.05
5821,0.10
5822,0.05
5823,0.05
5824,0.07
5825,0.05
5826,0.05
5827,0.03
5828,0.07
5829,0.05
5830,0.03
5831,0.05
5833,0.03
5834,0.03
5835,0.03
5836,0.03
5837,0.03
5838,0.03
5840,0.05
5841,0.05
5842,0.05
5843,0.05
5844,0.03
5845,0.05
5846,0.05
5847,0.05
5848,0.05
5849,0.03
5850,0.07
5851,0.05
5852,0.03
5853,0.03
5854,0.05
5855,0.05
5856,0.03
5857,0.03
5858,0.28
5859,0.05
5861,0.03
5862,0.05
5863,0.03
5864,0.07
5865,0.03
5866,0.12
5867,0.07
5868,0.05
5870,0.28
5871,0.05
5872,0.03
5873,0.07
5874,0.05
5875,0.07
5876,0.03
5877,0.05
5878,0.05
5879,0.03
5881,0.05
5882,0.03
5883,0.03
5884,0.05
5885,0.03
5886,0.03
5887,0.07
5888,0.17
5889,0.03
5890,0.03
5891,0.05
5892,0.05
5893,0.05
5894,0.05
5895,0.05
5896,0.05
5897,0.03
5898,0.03
5900,0.03
5901,0.05
5902,0.05
5903,0.05
5904,0.03
5905,0.03
5906,0.05
5907,0.07
5908,0.15
5909,0.03
5910,0.10
5911,0.05
5912,0.03
5913,0.05
5914,0.03
5915,0.07
5916,0.10
5917,0.05
5918,0.03
5919,0.05
5921,0.10
5922,0.03
5923,0.03
5925,0.03
5926,0.03
5927,0.05
5928,0.12
5929,0.03
5930,0.05
5931,0.03
5932,0.05
5933,0.05
5934,0.03
5935,0.03
5936,0.05
5937,0.05
5938,0.05
5939,0.10
5940,0.05
5941,0.03
5942,0.03
5943,0.03
5944,0.03
5946,0.05
5947,0.03
5948,0.03
5949,0.03
5950,0.07
5951,0.05
5952,0.03
5953,0.07
5954,0.07
5955,0.05
5956,0.07
5957,0.05
5958,0.17
5959,0.03
5960,0.05
5961,0.03
5962,0.03
5963,0.05
5964,0.05
5965,0.12
5966,0.05
5967,0.03
5968,0.10
5969,0.05
5970,0.05
5971,0.10
5972,0.05
5973,0.03
5974,0.10
5976,0.05
5977,0.10
5978,0.05
5979,0.03
5980,0.03
5981,0.03
5982,0.03
5984,0.05
5985,0.05
5986,0.05
5987,0.03
5988,0.05
5989,0.03
5990,0.03
5991,0.03
5992,0.05
5993,0.05
5995,0.10
5996,0.05
5997,0.05
5998,0.07
5999,0.03
6000,0.20
6001,0.03
6002,0.10
6003,0.05
6004,0.03
6005,0.03
6006,0.07
6008,0.03
6009,0.10
6010,0.05
6011,0.03
6013,0.07
6014,0.03
6015,0.03
6016,0.07
6017,0.03
6018,0.05
6019,0.03
6020,0.17
6021,0.20
6022,0.03
6023,0.05
6024,0.35
6025,0.17
6026,0.05
6027,0.07
6028,0.05
6029,0.07
6031,0.05
6032,0.05
6033,0.07
6034,0.10
6035,0.03
6036,0.05
6037,0.03
6038,0.03
6039,0.03
6040,0.05
6041,0.05
6042,0.03
6043,0.10
6044,0.07
6045,0.03
6046,0.05
6047,0.05
6048,0.03
6050,0.03
6051,0.05
6052,0.05
6053,0.03
6054,0.03
6056,0.05
6057,0.03
6059,0.12
6060,0.07
6062,0.03
6063,0.05
6066,0.07
6067,0.03
6069,0.03
6070,0.03
6071,0.05
6072,0.05
6074,0.03
6075,0.05
6077,0.03
6078,0.03
6079,0.03
6080,0.05
6081,0.05
6083,0.05
6084,0.07
6085,0.07
6086,0.05
6087,0.03
6088,0.03
6089,0.07
6090,0.07
6091,0.05
6092,0.17
6093,0.03
6094,0.05
6095,0.05
6096,0.03
6097,0.05
6098,0.03
6099,0.03
6100,0.05
6101,0.10
6102,0.05
6104,0.05
6106,0.15
6107,0.03
6108,0.05
6109,0.03
6110,0.05
6111,0.03
6112,0.05
6113,0.05
6114,0.05
6115,0.03
6116,0.03
6117,0.05
6118,0.03
6119,0.05
6120,0.03
6121,0.05
6122,0.07
6123,0.03
6124,0.03
6125,0.05
6126,0.03
6127,0.05
6128,0.03
6129,0.05
6130,0.03
6131,0.05
6134,0.15
6135,0.28
6136,0.05
6137,0.07
6138,0.05
6139,0.05
6141,0.03
6142,0.03
6143,0.03
6144,0.10
6145,0.05
6146,0.05
6147,0.03
6148,0.03
6149,0.03
6150,0.05
6151,0.03
6152,0.07
6153,0.07
6154,0.10
6155,0.05
6156,0.05
6157,0.03
6158,0.03
6159,0.05
6160,0.03
6161,0.05
6162,0.03
6163,0.05
6164,0.07
6165,0.07
6166,0.03
6167,0.05
6168,0.10
6169,0.05
6170,0.05
6171,0.03
6172,0.03
6173,0.20
6174,0.07
6175,0.12
6176,0.05
6177,0.03
6179,0.07
6180,0.03
6181,0.07
6182,0.05
6183,0.05
6184,0.07
6185,0.07
6186,0.10
6187,0.03
6188,0.05
6189,0.20
6190,0.03
6191,0.05
6192,0.05
6193,0.17
6194,0.03
6195,0.15
6196,0.05
6197,0.03
6198,0.05
6200,0.03
6201,0.03
6203,0.05
6207,0.03
6208,0.03
6209,0.07
6210,0.03
6211,0.03
6212,0.05
6213,0.03
6214,0.05
6215,0.03
6216,0.07
6217,0.05
6218,0.05
6219,0.05
6220,0.05
6221,0.03
6222,0.05
6223,0.05
6224,0.07
6225,0.03
6226,0.03
6227,0.10
6228,0.03
6229,0.03
6230,0.03
6231,0.07
6232,0.03
6233,0.05
6234,0.03
6235,0.05
6236,0.05
6237,0.05
6238,0.15
6239,0.03
6240,0.03
6241,0.07
6242,0.03
6243,0.05
6244,0.05
6245,0.03
6246,0.03
6247,0.03
6248,0.03
6249,0.03
6250,0.05
6251,0.05
6252,0.05
6253,0.07
6254,0.05
6255,0.05
6256,0.03
6257,0.03
6258,0.03
6259,0.05
6260,0.03
6261,0.03
6262,0.05
6263,0.05
6264,0.03
6265,0.05
6266,0.05
6267,0.03
6268,0.03
6269,0.03
6270,0.07
6271,0.03
6272,0.05
6273,0.03
6274,0.05
6275,0.03
6276,0.05
6277,0.07
6278,0.05
6279,0.07
6280,0.07
6281,0.05
6282,0.03
6283,0.05
6284,0.33
6285,0.07
6286,0.05
6287,0.05
6288,0.30
6289,0.03
6290,0.07
6291,0.03
6292,0.03
6293,0.03
6295,0.03
6296,0.05
6297,0.05
6298,0.05
6299,0.05
6300,0.05
6301,0.05
6302,0.07
6303,0.03
6304,0.03
6305,0.05
6307,0.05
6308,0.03
6309,0.03
6310,0.05
6311,0.03
6312,0.05
6313,0.03
6314,0.05
6315,0.03
6316,0.05
6317,0.07
6318,0.03
6319,0.05
6321,0.05
6322,0.07
6323,0.05
6324,0.05
6325,0.03
6326,0.03
6327,0.05
6328,0.05
6329,0.05
6330,0.03
6331,0.05
6332,0.05
6333,0.07
6334,0.03
6335,0.05
6336,0.07
6338,0.05
6339,0.05
6340,0.07
6341,0.03
6342,0.05
6344,0.03
6345,0.03
6346,0.05
6347,0.05
6348,0.07
6349,0.05
6350,0.05
6351,0.03
6352,0.12
6353,0.03
6354,0.05
6355,0.03
6356,0.07
6357,0.03
6358,0.07
6359,0.07
6360,0.07
6361,0.07
6362,0.35
6363,0.12
6364,0.05
6365,0.05
6366,0.05
6367,0.05
6369,0.07
6370,0.03
6371,0.07
6372,0.15
6374,0.05
6375,0.05
6376,0.05
6377,0.07
6378,0.10
6379,0.05
6380,0.05
6381,0.05
6382,0.05
6384,0.03
6386,0.07
6387,0.05
6388,0.07
6389,0.05
6390,0.05
6391,0.03
6392,0.03
6393,0.05
6394,0.07
6395,0.10
6396,0.03
6397,0.03
6398,0.05
6400,0.03
6401,0.05
6402,0.05
6403,0.10
6404,0.07
6405,0.20
6406,0.03
6407,0.03
6408,0.05
6409,0.07
6410,0.05
6411,0.03
6412,0.07
6413,0.03
6414,0.07
6415,0.03
6416,0.12
6417,0.05
6418,0.05
6419,0.03
6420,0.03
6421,0.05
6422,0.05
6424,0.07
6425,0.05
6426,0.07
6427,0.05
6428,0.03
6429,0.03
6430,0.03
6431,0.05
6432,0.03
6433,0.03
6434,0.10
6436,0.05
6437,0.05
6438,0.05
6439,0.05
6440,0.10
6441,0.03
6442,0.07
6443,0.03
6444,0.05
6445,0.07
6446,0.05
6447,0.03
6449,0.03
6450,0.05
6451,0.05
6452,0.03
6453,0.10
6454,0.07
6455,0.03
6456,0.05
6457,0.05
6459,0.05
6460,0.05
6461,0.05
6462,0.05
6463,0.05
6464,0.03
6465,0.05
6466,0.05
6467,0.03
6468,0.12
6469,0.05
6470,0.03
6472,0.03
6473,0.05
6474,0.03
6475,0.10
6476,0.05
6477,0.07
6478,0.03
6479,0.03
6480,0.05
6481,0.12
6482,0.05
6483,0.05
6484,0.05
6485,0.15
6486,0.07
6487,0.03
6488,0.05
6489,0.03
6490,0.07
6491,0.05
6492,0.05
6493,0.05
6494,0.05
6495,0.03
6496,0.03
6497,0.05
6498,0.03
6499,0.03
6500,0.03
6501,0.07
6502,0.05
6503,0.05
6504,0.20
6505,0.05
6506,0.05
6507,0.03
6508,0.07
6509,0.03
6510,0.05
6511,0.05
6513,0.12
6514,0.05
6515,0.10
6516,0.03
6517,0.05
6518,0.05
6519,0.07
6520,0.05
6521,0.05
6522,0.05
6523,0.05
6524,0.10
6525,0.03
6526,0.05
6528,0.10
6529,0.05
6530,0.05
6531,0.05
6532,0.05
6533,0.07
6534,0.07
6535,0.10
6536,0.05
6537,0.07
6538,0.03
6539,0.07
6540,0.05
6541,0.03
6542,0.07
6543,0.03
6544,0.05
6545,0.05
6546,0.10
6547,0.03
6548,0.03
6549,0.33
6551,0.10
6552,0.03
6553,0.10
6554,0.05
6555,0.05
6556,0.05
6557,0.05
6558,0.03
6559,0.05
6560,0.05
6561,0.05
6562,0.05
6563,0.03
6564,0.03
6565,0.05
6566,0.07
6567,0.05
6568,0.15
6569,0.03
6570,0.05
6571,0.05
6572,0.07
6573,0.05
6574,0.07
6575,0.07
6576,0.05
6577,0.07
6578,0.05
6579,0.05
6580,0.03
6581,0.05
6582,0.12
6583,0.05
6584,0.03
6585,0.03
6586,0.05
6587,0.05
6588,0.05
6589,0.03
6590,0.03
6591,0.05
6592,0.03
6593,0.03
6594,0.05
6595,0.10
6596,0.05
6597,0.12
6598,0.03
6599,0.10
6600,0.03
6601,0.07
6603,0.07
6604,0.10
6605,0.05
6606,0.03
6607,0.05
6608,0.03
6609,0.05
6610,0.05
6611,0.07
6612,0.05
6613,0.03
6614,0.12
6615,0.05
6616,0.03
6617,0.03
6618,0.03
6619,0.10
6620,0.07
6621,0.05
6622,0.05
6623,0.03
6624,0.03
6625,0.03
6626,0.03
6627,0.07
6628,0.05
6629,0.05
6630,0.05
6631,0.07
6632,0.05
6633,0.03
6634,0.03
6635,0.03
6636,0.05
6637,0.05
6638,0.07
6639,0.05
6640,0.03
6641,0.05
6642,0.07
6643,0.05
6644,0.05
6645,0.07
6646,0.07
6647,0.05
6648,0.05
6649,0.07
6650,0.17
6651,0.03
6652,0.07
6654,0.05
6655,0.03
6656,0.07
6657,0.05
6658,0.07
6659,0.03
6660,0.03
6661,0.03
6662,0.05
6663,0.05
6664,0.17
6665,0.03
6666,0.10
6667,0.05
6668,0.05
6669,0.10
6670,0.05
6671,0.05
6672,0.05
6673,0.03
6674,0.03
6676,0.05
6678,0.05
6679,0.07
6680,0.05
6681,0.05
6682,0.05
6683,0.07
6684,0.05
6685,0.03
6686,0.05
6687,0.03
6688,0.05
6689,0.03
6692,0.03
6693,0.07
6694,0.05
6695,0.07
6696,0.03
6697,0.05
6698,0.03
6700,0.05
6701,0.05
6702,0.03
6704,0.03
6705,0.03
6706,0.05
6707,0.03
6708,0.03
6709,0.05
6710,0.07
6711,0.03
6712,0.05
6713,0.33
6714,0.03
6716,0.03
6717,0.05
6718,0.03
6719,0.03
6720,0.03
6721,0.07
6722,0.03
6723,0.05
6724,0.05
6725,0.05
6726,0.05
6727,0.05
6728,0.03
6729,0.05
6730,0.05
6731,0.05
6732,0.07
6733,0.05
6734,0.05
6735,0.10
6736,0.05
6737,0.03
6738,0.07
6739,0.05
6740,0.05
6741,0.05
6742,0.03
6743,0.05
6744,0.03
6745,0.05
6746,0.07
6747,0.07
6748,0.05
6749,0.10
6750,0.05
6751,0.03
6752,0.05
6753,0.05
6754,0.05
6755,0.05
6756,0.05
6757,0.03
6758,0.05
6759,0.07
6760,0.07
6761,0.12
6762,0.12
6763,0.05
6764,0.10
6765,0.03
6766,0.05
6767,0.05
6768,0.05
6769,0.10
6770,0.03
6771,0.05
6772,0.05
6773,0.03
6774,0.05
6775,0.12
6776,0.05
6777,0.07
6778,0.03
6779,0.07
6780,0.05
6781,0.05
6782,0.05
6783,0.05
6784,0.05
6785,0.03
6786,0.03
6787,0.07
6788,0.05
6789,0.03
6790,0.05
6791,0.03
6792,0.05
6793,0.07
6794,0.07
6795,0.03
6796,0.07
6797,0.05
6798,0.03
6799,0.07
6800,0.03
6801,0.05
6802,0.05
6803,0.07
6804,0.05
6805,0.10
6806,0.05
6807,0.03
6808,0.05
6809,0.05
6810,0.10
6811,0.03
6812,0.03
6813,0.05
6814,0.05
6815,0.03
6816,0.12
6817,0.12
6818,0.05
6819,0.05
6820,0.03
6821,0.03
6822,0.05
6823,0.03
6824,0.07
6825,0.17
6826,0.07
6827,0.05
6828,0.05
6829,0.05
6830,0.05
6831,0.03
6832,0.05
6833,0.03
6834,0.05
6835,0.05
6836,0.05
6837,0.03
6838,0.03
6839,0.03
6840,0.05
6841,0.03
6842,0.07
6843,0.05
6844,0.05
6845,0.03
6846,0.05
6847,0.05
6848,0.05
6850,0.03
6851,0.05
6852,0.10
6853,0.05
6854,0.03
6855,0.03
6856,0.05
6857,0.03
6858,0.05
6860,0.05
6861,0.05
6862,0.05
6863,0.05
6864,0.05
6865,0.05
6866,0.03
6867,0.03
6868,0.10
6869,0.03
6870,0.03
6871,0.05
6872,0.05
6873,0.03
6874,0.03
6875,0.03
6876,0.05
6877,0.05
6878,0.03
6879,0.12
6880,0.05
6881,0.07
6882,0.03
6883,0.03
6884,0.05
6885,0.50
6886,0.03
6887,0.03
6888,0.03
6889,0.10
6890,0.03
6891,0.05
6892,0.05
6893,0.03
6894,0.07
6895,0.03
6896,0.05
6897,0.03
6898,0.05
6899,0.05
6900,0.07
6901,0.23
6902,0.05
6903,0.05
6904,0.03
6905,0.10
6906,0.03
6907,0.17
6908,0.03
6909,0.05
6910,0.03
6911,0.05
6912,0.03
6913,0.07
6914,0.07
6915,0.05
6916,0.07
6917,0.05
6918,0.03
6919,0.05
6920,0.03
6921,0.03
6922,0.05
6923,0.05
6924,0.05
6925,0.03
6926,0.05
6927,0.03
6928,0.03
6929,0.05
6930,0.03
6931,0.03
6932,0.03
6933,0.05
6934,0.05
6935,0.05
6936,0.05
6937,0.03
6938,0.05
6939,0.03
6940,0.05
6941,0.05
6942,0.05
6943,0.03
6944,0.05
6945,0.03
6946,0.05
6947,0.03
6948,0.03
6949,0.05
6950,0.03
6951,0.05
6952,0.07
6953,0.07
6954,0.10
6955,0.12
6957,0.03
6958,0.05
6959,0.05
6960,0.03
6961,0.05
6962,0.05
6963,0.25
6964,0.05
6965,0.05
6966,0.05
6967,0.05
6968,0.05
6969,0.05
6971,0.05
6972,0.07
6973,0.03
6974,0.05
6975,0.03
6976,0.03
6977,0.03
6978,0.07
6979,0.05
6980,0.05
6981,0.05
6982,0.05
6983,0.05
6984,0.05
6985,0.05
6986,0.03
6987,0.07
6988,0.07
6989,0.05
6990,0.03
6991,0.05
6992,0.03
6993,0.10
6995,0.03
6996,0.07
6997,0.10
6998,0.07
6999,0.03
7000,0.03
7001,0.07
7002,0.05
7003,0.05
7004,0.03
7005,0.05
7006,0.10
7007,0.07
7008,0.12
7009,0.05
7010,0.03
7011,0.20
7012,0.05
7013,0.07
7014,0.03
7015,0.05
7016,0.10
7017,0.03
7018,0.07
7019,0.12
7020,0.05
7022,0.03
7023,0.07
7024,0.10
7026,0.03
7027,0.03
7028,0.03
7029,0.07
7030,0.03
7031,0.05
7032,0.03
7033,0.03
7034,0.05
7035,0.07
7036,0.03
7037,0.03
7038,0.03
7039,0.05
7040,0.03
7042,0.07
7043,0.10
7044,0.03
7045,0.07
7046,0.07
7047,0.03
7048,0.05
7049,0.05
7050,0.03
7051,0.03
7052,0.10
7053,0.05
7054,0.05
7055,0.05
7056,0.05
7057,0.05
7059,0.05
7060,0.05
7061,0.03
7062,0.03
7063,0.05
7064,0.05
7065,0.03
7066,0.03
7067,0.03
7068,0.05
7069,0.03
7070,0.05
7071,0.03
7072,0.05
7073,0.05
7074,0.03
7075,0.05
7076,0.07
7078,0.17
7079,0.05
7080,0.05
7081,0.05
7082,0.03
7083,0.05
7084,0.07
7086,0.10
7087,0.05
7088,0.03
7089,0.03
7091,0.03
7092,0.05
7093,0.05
7094,0.05
7096,0.03
7097,0.07
7098,0.07
7099,0.05
7100,0.03
7101,0.05
7102,0.05
7103,0.05
7104,0.03
7105,0.03
7106,0.05
7107,0.03
7108,0.03
7109,0.05
7110,0.03
7111,0.05
7112,0.03
7113,0.23
7114,0.05
7115,0.03
7116,0.05
7117,0.05
7118,0.05
7119,0.05
7120,0.03
7121,0.07
7122,0.03
7123,0.03
7124,0.05
7125,0.05
7126,0.05
7127,0.03
7129,0.12
7130,0.05
7131,0.03
7132,0.07
7133,0.05
7134,0.03
7135,0.05
7136,0.07
7137,0.07
7138,0.05
7139,0.03
7140,0.05
7142,0.07
7143,0.05
7144,0.05
7145,0.03
7146,0.10
7147,0.10
7148,0.05
7149,0.03
7150,0.05
7151,0.05
7152,0.03
7153,0.05
7154,0.05
7155,0.03
7156,0.03
7157,0.03
7158,0.05
7159,0.03
7160,0.03
7161,0.12
7162,0.03
7163,0.03
7164,0.05
7166,0.05
7167,0.03
7168,0.03
7169,0.17
7170,0.07
7171,0.05
7172,0.07
7173,0.05
7174,0.12
7175,0.05
7176,0.07
7177,0.07
7178,0.05
7180,0.05
7181,0.05
7182,0.05
7183,0.07
7184,0.03
7185,0.03
7186,0.05
7187,0.03
7188,0.03
7189,0.03
7190,0.05
7191,0.05
7192,0.05
7193,0.05
7194,0.05
7195,0.12
7196,0.12
7197,0.03
7198,0.05
7199,0.03
7200,0.05
7201,0.03
7202,0.03
7203,0.07
7204,0.05
7205,0.03
7206,0.10
7208,0.05
7209,0.05
7210,0.03
7212,0.15
7213,0.12
7214,0.05
7215,0.03
7216,0.10
7217,0.03
7219,0.03
7220,0.03
7221,0.28
7222,0.05
7223,0.05
7224,0.03
7225,0.03
7226,0.05
7227,0.03
7228,0.05
7229,0.12
7230,0.03
7231,0.07
7232,0.10
7233,0.07
7234,0.05
7235,0.03
7236,0.03
7237,0.05
7238,0.03
7239,0.03
7240,0.05
7241,0.07
7242,0.10
7243,0.12
7244,0.03
7245,0.10
7246,0.03
7248,0.03
7249,0.03
7250,0.05
7251,0.03
7252,0.03
7253,0.07
7254,0.03
7255,0.05
7256,0.03
7257,0.03
7258,0.03
7259,0.05
7260,0.05
7261,0.05
7263,0.03
7264,0.05
7265,0.07
7266,0.05
7267,0.05
7268,0.07
7269,0.07
7270,0.05
7271,0.05
7272,0.03
7274,0.05
7275,0.05
7276,0.05
7277,0.03
7278,0.07
7279,0.10
7280,0.03
7281,0.03
7282,0.03
7283,0.05
7284,0.03
7285,0.05
7286,0.07
7287,0.05
7288,0.03
7289,0.05
7290,0.07
7291,0.05
7292,0.05
7293,0.10
7294,0.10
7295,0.03
7296,0.03
7297,0.07
7298,0.05
7299,0.05
7300,0.03
7301,0.07
7302,0.10
7303,0.05
7304,0.03
7305,0.05
7306,0.05
7307,0.05
7309,0.03
7310,0.03
7311,0.05
7312,0.07
7313,0.05
7314,0.15
7315,0.07
7316,0.07
7317,0.03
7318,0.15
7319,0.05
7320,0.03
7321,0.10
7322,0.05
7323,0.03
7324,0.07
7326,0.05
7327,0.03
7328,0.05
7329,0.03
7330,0.03
7331,0.03
7332,0.10
7333,0.03
7334,0.05
7335,0.05
7336,0.03
7337,0.05
7338,0.05
7339,0.05
7340,0.05
7341,0.03
7342,0.05
7343,0.03
7344,0.05
7345,0.03
7346,0.05
7347,0.07
7348,0.03
7349,0.05
7351,0.03
7352,0.03
7353,0.05
7354,0.10
7355,0.05
7356,0.03
7357,0.05
7358,0.05
7359,0.03
7360,0.03
7361,0.05
7362,0.05
7364,0.07
7365,0.05
7366,0.03
7367,0.03
7368,0.05
7369,0.10
7370,0.05
7371,0.03
7372,0.05
7373,0.10
7374,0.33
7375,0.03
7376,0.05
7377,0.03
7378,0.05
7379,0.05
7380,0.03
7381,0.05
7382,0.03
7383,0.05
7384,0.05
7385,0.03
7386,0.05
7387,0.03
7388,0.05
7389,0.03
7390,0.03
7391,0.03
7392,0.05
7393,0.03
7394,0.03
7396,0.05
7397,0.12
7398,0.03
7399,0.03
7400,0.05
7401,0.03
7402,0.07
7403,0.10
7404,0.05
7406,0.03
7407,0.05
7408,0.03
7409,0.03
7410,0.05
7411,0.05
7412,0.05
7413,0.05
7414,0.10
7415,0.05
7416,0.03
7417,0.05
7418,0.33
7419,0.03
7421,0.05
7422,0.12
7423,0.05
7424,0.07
7425,0.03
7426,0.05
7427,0.07
7428,0.15
7429,0.03
7430,0.03
7431,0.05
7432,0.12
7433,0.03
7434,0.03
7435,0.07
7436,0.03
7437,0.05
7438,0.33
7439,0.05
7440,0.03
7441,0.07
7442,0.03
7443,0.10
7444,0.03
7445,0.17
7446,0.05
7447,0.05
7448,0.05
7449,0.05
7450,0.03
7451,0.05
7452,0.07
7453,0.05
7454,0.05
7455,0.03
7456,0.05
7457,0.05
7458,0.03
7459,0.03
7460,0.07
7461,0.03
7462,0.03
7463,0.05
7464,0.03
7465,0.07
7466,0.03
7467,0.05
7468,0.05
7469,0.05
7470,0.05
7471,0.07
7472,0.03
7473,0.03
7474,0.07
7475,0.03
7476,0.05
7478,0.05
7479,0.05
7480,0.05
7481,0.03
7482,0.05
7483,0.20
7484,0.05
7485,0.03
7486,0.07
7487,0.12
7488,0.03
7489,0.05
7490,0.12
7491,0.05
7492,0.03
7493,0.05
7494,0.05
7495,0.07
7496,0.03
7497,0.05
7498,0.03
7499,0.07
7500,0.05
7501,0.05
7502,0.03
7503,0.07
7504,0.03
7505,0.05
7506,0.05
7507,0.05
7508,0.05
7509,0.03
7510,0.05
7511,0.03
7512,0.03
7513,0.03
7515,0.12
7516,0.07
7517,0.03
7518,0.05
7519,0.03
7520,0.03
7521,0.05
7522,0.05
7523,0.03
7524,0.12
7525,0.03
7526,0.03
7527,0.05
7528,0.07
7529,0.03
7530,0.05
7531,0.03
7532,0.05
7533,0.05
7534,0.05
7535,0.05
7536,0.03
7537,0.05
7538,0.03
7539,0.05
7540,0.05
7541,0.03
7542,0.03
7543,0.03
7544,0.05
7545,0.05
7546,0.05
7547,0.05
7548,0.05
7549,0.05
7550,0.05
7551,0.05
7553,0.05
7554,0.03
7555,0.20
7556,0.03
7557,0.05
7558,0.05
7560,0.05
7561,0.03
7562,0.10
7563,0.03
7564,0.07
7565,0.05
7566,0.05
7567,0.03
7570,0.03
7571,0.05
7573,0.10
7574,0.03
7575,0.05
7576,0.05
7577,0.03
7578,0.05
7579,0.05
7580,0.10
7581,0.05
7583,0.05
7584,0.05
7585,0.03
7586,0.05
7587,0.05
7588,0.05
7589,0.07
7590,0.03
7591,0.05
7592,0.07
7593,0.03
7594,0.03
7595,0.05
7596,0.03
7597,0.03
7598,0.05
7599,0.05
7600,0.10
7601,0.05
7602,0.10
7604,0.10
7605,0.23
7606,0.03
7607,0.05
7608,0.03
7609,0.05
7610,0.03
7611,0.07
7612,0.07
7613,0.07
7614,0.03
7615,0.05
7616,0.05
7617,0.05
7618,0.05
7619,0.15
7620,0.03
7621,0.05
7622,0.03
7623,0.05
7624,0.03
7625,0.05
7626,0.05
7627,0.03
7628,0.07
7629,0.07
7630,0.03
7631,0.03
7632,0.05
7633,0.03
7634,0.05
7635,0.03
7636,0.12
7637,0.03
7639,0.03
7640,0.03
7641,0.03
7642,0.05
7643,0.05
7644,0.12
7645,0.03
7646,0.05
7647,0.07
7648,0.07
7649,0.03
7650,0.05
7651,0.03
7652,0.07
7653,0.05
7655,0.03
7656,0.05
7657,0.10
7658,0.05
7659,0.05
7660,0.05
7662,0.05
7663,0.05
7664,0.03
7665,0.05
7666,0.15
7667,0.07
7668,0.05
7670,0.05
7671,0.03
7672,0.12
7673,0.10
7674,0.05
7675,0.03
7676,0.03
7677,0.05
7678,0.07
7679,0.12
7680,0.03
7681,0.07
7682,0.03
7683,0.03
7684,0.05
7685,0.05
7686,0.05
7687,0.03
7688,0.05
7689,0.03
7690,0.03
7691,0.05
7692,0.03
7693,0.03
7694,0.05
7695,0.03
7696,0.03
7697,0.03
7698,0.07
7699,0.05
7700,0.03
7701,0.05
7702,0.05
7703,0.05
7704,0.05
7705,0.03
7706,0.07
7707,0.05
7708,0.05
7709,0.03
7710,0.03
7711,0.10
7712,0.05
7714,0.05
7715,0.03
7716,0.10
7717,0.38
7718,0.05
7719,0.05
7720,0.03
7721,0.15
7722,0.05
7723,0.03
7724,0.05
7725,0.03
7726,0.03
7727,0.03
7728,0.03
7729,0.03
7730,0.03
7731,0.05
7732,0.05
7733,0.05
7734,0.07
7735,0.03
7736,0.05
7737,0.03
7738,0.03
7740,0.05
7741,0.07
7742,0.07
7744,0.05
7745,0.07
7746,0.05
7747,0.05
7748,0.10
7749,0.03
7750,0.03
7751,0.05
7753,0.05
7754,0.05
7755,0.03
7756,0.03
7757,0.10
7758,0.10
7759,0.05
7760,0.05
7761,0.03
7762,0.05
7763,0.03
7764,0.03
7765,0.03
7766,0.05
7767,0.05
7768,0.03
7770,0.03
7771,0.07
7772,0.05
7773,0.05
7774,0.03
7775,0.05
7776,0.07
7777,0.03
7778,0.03
7779,0.03
7781,0.03
7782,0.05
7783,0.03
7785,0.07
7786,0.03
7787,0.03
7788,0.07
7789,0.05
7790,0.05
7791,0.03
7792,0.10
7793,0.05
7795,0.10
7796,0.05
7797,0.05
7798,0.05
7799,0.07
7800,0.03
7801,0.12
7802,0.03
7803,0.05
7804,0.03
7805,0.07
7806,0.03
7807,0.03
7808,0.05
7809,0.03
7810,0.05
7811,0.07
7812,0.05
7813,0.03
7814,0.03
7815,0.05
7816,0.05
7817,0.03
7818,0.05
7819,0.07
7821,0.05
7822,0.05
7823,0.07
7824,0.03
7825,0.03
7826,0.03
7827,0.07
7828,0.05
7829,0.05
7830,0.05
7831,0.05
7832,0.07
7834,0.05
7835,0.03
7836,0.03
7837,0.03
7838,0.23
7839,0.03
7840,0.05
7841,0.07
7842,0.05
7843,0.05
7845,0.03
7846,0.05
7847,0.03
7848,0.05
7849,0.10
7850,0.05
7851,0.05
7852,0.07
7853,0.07
7854,0.03
7855,0.03
7856,0.03
7857,0.03
7858,0.05
7859,0.05
7860,0.03
7861,0.03
7862,0.03
7863,0.03
7864,0.05
7865,0.05
7867,0.05
7868,0.07
7870,0.03
7871,0.07
7872,0.07
7873,0.03
7875,0.05
7876,0.05
7877,0.05
7878,0.07
7879,0.05
7880,0.05
7881,0.05
7882,0.05
7883,0.05
7884,0.35
7885,0.05
7886,0.05
7887,0.03
7888,0.05
7889,0.10
7890,0.05
7891,0.05
7892,0.05
7893,0.07
7894,0.07
7895,0.03
7896,0.05
7898,0.05
7899,0.05
7900,0.05
7901,0.03
7902,0.05
7903,0.15
7904,0.05
7905,0.05
7906,0.05
7907,0.07
7908,0.07
7909,0.07
7910,0.30
7911,0.03
7912,0.05
7913,0.28
7914,0.05
7915,0.05
7916,0.07
7917,0.07
7918,0.03
7919,0.05
7920,0.05
7921,0.25
7922,0.12
7923,0.03
7924,0.03
7925,0.05
7926,0.05
7927,0.05
7928,0.07
7929,0.05
7930,0.07
7931,0.03
7932,0.10
7933,0.03
7934,0.05
7935,0.05
7936,0.03
7937,0.03
7938,0.03
7939,0.05
7940,0.03
7942,0.05
7943,0.05
7944,0.05
7945,0.05
7946,0.07
7947,0.03
7949,0.05
7950,0.03
7951,0.05
7952,0.03
7953,0.05
7954,0.03
7956,0.03
7958,0.17
7959,0.07
7960,0.05
7961,0.05
7962,0.03
7963,0.05
7964,0.05
7965,0.03
7966,0.05
7967,0.07
7968,0.05
7969,0.05
7970,0.03
7971,0.05
7972,0.05
7973,0.05
7974,0.23
7975,0.05
7977,0.05
7978,0.03
7979,0.05
7980,0.03
7981,0.05
7982,0.05
7984,0.03
7985,0.05
7986,0.05
7987,0.07
7988,0.05
7989,0.07
7990,0.05
7991,0.03
7993,0.07
7994,0.03
7995,0.05
7996,0.05
7997,0.05
7998,0.10
7999,0.05
8000,0.07
8001,0.03
8002,0.05
8004,0.05
8005,0.05
8006,0.03
8007,0.03
8008,0.03
8009,0.03
8010,0.07
8011,0.07
8012,0.05
8013,0.28
8014,0.05
8015,0.03
8016,0.03
8017,0.05
8018,0.03
8019,0.03
8020,0.10
8021,0.12
8022,0.17
8023,0.03
8024,0.05
8025,0.05
8026,0.03
8027,0.05
8028,0.05
8029,0.03
8030,0.05
8031,0.05
8032,0.07
8033,0.07
8034,0.03
8035,0.05
8036,0.05
8037,0.20
8038,0.03
8039,0.03
8040,0.05
8041,0.05
8042,0.20
8043,0.07
8044,0.03
8045,0.05
8046,0.05
8047,0.03
8048,0.03
8049,0.05
8050,0.07
8051,0.03
8052,0.03
8053,0.03
8054,0.03
8055,0.10
8056,0.07
8057,0.05
8058,0.05
8059,0.05
8060,0.07
8061,0.05
8062,0.03
8063,0.03
8064,0.05
8065,0.03
8066,0.05
8067,0.03
8068,0.05
8069,0.12
8070,0.05
8071,0.03
8072,0.03
8073,0.03
8074,0.03
8075,0.05
8076,0.07
8077,0.07
8078,0.05
8079,0.03
8080,0.07
8081,0.03
8082,0.03
8083,0.03
8084,0.03
8085,0.03
8086,0.03
8087,0.03
8088,0.05
8089,0.03
8090,0.03
8091,0.05
8092,0.05
8093,0.05
8094,0.03
8095,0.12
8096,0.05
8097,0.12
8098,0.12
8099,0.05
8100,0.03
8102,0.03
8103,0.03
8104,0.03
8105,0.03
8106,0.03
8108,0.15
8109,0.05
8110,0.05
8111,0.05
8112,0.05
8113,0.05
8114,0.05
8115,0.03
8116,0.05
8117,0.05
8118,0.03
8119,0.05
8121,0.05
8122,0.05
8123,0.03
8124,0.03
8125,0.05
8126,0.07
8128,0.03
8129,0.03
8130,0.05
8131,0.10
8132,0.03
8133,0.03
8134,0.03
8135,0.05
8136,0.03
8137,0.03
8139,0.05
8140,0.03
8141,0.03
8142,0.07
8143,0.05
8144,0.17
8145,0.10
8146,0.05
8147,0.05
8148,0.05
8149,0.10
8150,0.03
8151,0.05
8152,0.05
8153,0.03
8154,0.05
8155,0.05
8156,0.03
8157,0.05
8158,0.03
8159,0.03
8160,0.05
8161,0.05
8162,0.07
8163,0.05
8164,0.05
8165,0.03
8166,0.05
8167,0.05
8168,0.03
8169,0.05
8170,0.05
8171,0.05
8172,0.05
8174,0.05
8175,0.05
8176,0.03
8177,0.05
8179,0.05
8180,0.07
8181,0.25
8182,0.05
8183,0.03
8184,0.05
8185,0.03
8186,0.10
8187,0.05
8188,0.05
8189,0.03
8190,0.05
8191,0.03
8192,0.03
8193,0.05
8194,0.03
8195,0.05
8196,0.03
8197,0.05
8198,0.05
8200,0.05
8201,0.07
8202,0.03
8203,0.05
8204,0.05
8205,0.05
8206,0.10
8207,0.03
8208,0.03
8209,0.05
8210,0.05
8211,0.07
8212,0.10
8214,0.05
8215,0.05
8216,0.10
8217,0.05
8218,0.05
8219,0.05
8220,0.05
8221,0.03
8222,0.03
8223,0.03
8224,0.03
8225,0.05
8226,0.07
8227,0.05
8228,0.05
8229,0.03
8230,0.05
8232,0.05
8233,0.03
8234,0.05
8235,0.05
8236,0.05
8237,0.05
8238,0.03
8239,0.07
8240,0.03
8241,0.03
8242,0.03
8243,0.03
8244,0.05
8245,0.05
8246,0.05
8247,0.03
8248,0.03
8249,0.05
8251,0.05
8252,0.05
8253,0.05
8254,0.15
8255,0.05
8258,0.07
8259,0.07
8260,0.03
8261,0.05
8262,0.03
8263,0.05
8265,0.05
8266,0.05
8267,0.07
8268,0.05
8269,0.07
8270,0.03
8271,0.05
8273,0.03
8274,0.07
8276,0.05
8277,0.05
8278,0.05
8279,0.05
8280,0.03
8281,0.05
8282,0.10
8283,0.03
8284,0.05
8285,0.05
8286,0.12
8288,0.03
8289,0.03
8290,0.05
8291,0.12
8292,0.12
8293,0.03
8294,0.03
8296,0.03
8297,0.05
8299,0.03
8300,0.03
8301,0.05
8302,0.05
8303,0.05
8304,0.07
8305,0.35
8306,0.03
8307,0.05
8308,0.03
8309,0.10
8310,0.15
8311,0.03
8313,0.07
8314,0.12
8315,0.03
8316,0.05
8317,0.03
8318,0.05
8319,0.03
8321,0.05
8322,0.05
8323,0.05
8324,0.03
8325,0.03
8326,0.03
8327,0.03
8328,0.05
8329,0.03
8330,0.07
8331,0.05
8332,0.05
8334,0.05
8335,0.03
8336,0.05
8337,0.05
8338,0.05
8339,0.05
8340,0.03
8341,0.07
8342,0.07
8343,0.03
8344,0.05
8346,0.03
8347,0.05
8349,0.10
8350,0.03
8351,0.05
8352,0.03
8353,0.07
8354,0.05
8355,0.07
8356,0.03
8357,0.07
8358,0.03
8359,0.05
8360,0.05
8361,0.03
8362,0.03
8363,0.07
8364,0.07
8366,0.15
8367,0.05
8368,0.05
8369,0.05
8370,0.07
8371,0.05
8372,0.03
8373,0.03
8374,0.03
8375,0.12
8376,0.07
8377,0.07
8378,0.05
8379,0.05
8380,0.05
8381,0.03
8382,0.05
8383,0.03
8384,0.05
8385,0.05
8386,0.20
8387,0.03
8388,0.05
8389,0.05
8390,0.07
8391,0.05
8392,0.05
8393,0.05
8394,0.10
8395,0.03
8396,0.15
8397,0.05
8398,0.05
8399,0.03
8400,0.03
8401,0.05
8402,0.05
8403,0.07
8404,0.03
8405,0.20
8406,0.07
8407,0.03
8408,0.03
8409,0.05
8410,0.07
8411,0.03
8412,0.03
8413,0.07
8414,0.05
8415,0.05
8418,0.05
8419,0.05
8420,0.03
8421,0.07
8422,0.07
8423,0.05
8424,0.05
8425,0.07
8426,0.05
8427,0.03
8428,0.03
8429,0.05
8430,0.03
8431,0.05
8432,0.05
8433,0.23
8434,0.03
8435,0.03
8436,0.05
8437,0.03
8438,0.15
8439,0.05
8440,0.03
8441,0.05
8442,0.03
8443,0.03
8444,0.03
8445,0.03
8446,0.03
8447,0.05
8448,0.05
8449,0.05
8451,0.07
8452,0.05
8453,0.03
8454,0.05
8455,0.03
8456,0.07
8457,0.03
8458,0.05
8459,0.03
8460,0.03
8461,0.07
8462,0.10
8463,0.03
8464,0.03
8465,0.05
8466,0.10
8467,0.03
8468,0.05
8469,0.05
8470,0.05
8471,0.05
8472,0.03
8473,0.05
8474,0.03
8475,0.05
8476,0.35
8478,0.03
8479,0.07
8480,0.05
8481,0.03
8482,0.05
8483,0.05
8484,0.03
8486,0.07
8487,0.05
8489,0.05
8490,0.05
8492,0.03
8493,0.07
8494,0.05
8495,0.03
8496,0.07
8497,0.07
8498,0.05
8499,0.03
8500,0.05
8501,0.03
8502,0.07
8503,0.03
8504,0.05
8505,0.03
8506,0.10
8507,0.05
8508,0.07
8510,0.17
8513,0.03
8514,0.05
8515,0.05
8516,0.03
8517,0.05
8518,0.05
8519,0.07
8520,0.07
8521,0.03
8522,0.05
8523,0.05
8524,0.05
8525,0.05
8527,0.05
8528,0.03
8530,0.03
8531,0.03
8532,0.03
8533,0.12
8534,0.05
8535,0.05
8536,0.17
8537,0.05
8538,0.03
8539,0.03
8540,0.03
8541,0.03
8544,0.03
8545,0.12
8546,0.12
8547,0.10
8548,0.03
8549,0.03
8550,0.03
8551,0.03
8552,0.03
8553,0.03
8554,0.05
8555,0.05
8556,0.05
8557,0.05
8558,0.05
8559,0.07
8560,0.05
8561,0.05
8562,0.05
8563,0.10
8564,0.05
8565,0.03
8566,0.07
8567,0.03
8568,0.05
8569,0.03
8570,0.05
8571,0.05
8572,0.03
8573,0.05
8574,0.03
8575,0.12
8576,0.05
8577,0.03
8578,0.05
8579,0.07
8580,0.30
8581,0.05
8583,0.03
8584,0.03
8585,0.03
8586,0.12
8587,0.03
8588,0.07
8589,0.05
8591,0.03
8593,0.05
8594,0.05
8595,0.03
8596,0.03
8597,0.07
8598,0.03
8599,0.05
8600,0.05
8601,0.05
8602,0.05
8603,0.03
8604,0.05
8605,0.05
8606,0.10
8607,0.07
8608,0.03
8609,0.05
8610,0.05
8611,0.03
8612,0.03
8613,0.07
8614,0.10
8615,0.05
8616,0.07
8617,0.03
8618,0.05
8619,0.12
8620,0.05
8621,0.05
8622,0.03
8623,0.05
8624,0.03
8625,0.03
8626,0.05
8627,0.03
8628,0.03
8630,0.05
8631,0.05
8632,0.05
8633,0.03
8634,0.05
8635,0.03
8636,0.07
8637,0.03
8638,0.10
8639,0.03
8640,0.05
8641,0.07
8642,0.03
8643,0.05
8646,0.05
8647,0.03
8648,0.05
8649,0.03
8650,0.03
8651,0.10
8652,0.03
8653,0.17
8654,0.07
8655,0.05
8656,0.10
8657,0.03
8658,0.07
8659,0.03
8660,0.10
8661,0.05
8662,0.05
8663,0.03
8664,0.05
8665,0.03
8666,0.05
8667,0.03
8668,0.03
8669,0.03
8671,0.07
8672,0.05
8673,0.05
8674,0.05
8676,0.07
8677,0.03
8678,0.10
8679,0.05
8680,0.05
8681,0.03
8682,0.03
8683,0.03
8684,0.05
8685,0.03
8686,0.03
8687,0.03
8688,0.05
8689,0.03
8690,0.05
8691,0.03
8692,0.10
8693,0.07
8694,0.03
8695,0.05
8696,0.05
8697,0.05
8698,0.05
8699,0.07
8700,0.03
8701,0.05
8702,0.05
8703,0.05
8704,0.05
8705,0.05
8706,0.07
8707,0.03
8708,0.05
8709,0.05
8710,0.10
8711,0.05
8712,0.07
8713,0.05
8714,0.07
8715,0.05
8716,0.07
8717,0.03
8718,0.03
8719,0.03
8720,0.05
8721,0.12
8722,0.15
8724,0.07
8725,0.03
8727,0.03
8728,0.05
8729,0.03
8730,0.05
8731,0.03
8732,0.03
8733,0.05
8734,0.10
8735,0.03
8736,0.15
8737,0.03
8738,0.03
8739,0.05
8740,0.03
8741,0.07
8742,0.03
8743,0.05
8744,0.05
8745,0.05
8746,0.10
8747,0.03
8748,0.03
8750,0.03
8751,0.03
8752,0.10
8753,0.07
8754,0.03
8756,0.03
8757,0.03
8758,0.05
8759,0.05
8760,0.05
8761,0.05
8762,0.05
8763,0.05
8764,0.05
8765,0.03
8766,0.05
8767,0.03
8768,0.03
8769,0.05
8770,0.03
8771,0.07
8772,0.05
8773,0.07
8774,0.03
8775,0.10
8776,0.03
8778,0.05
8779,0.03
8780,0.05
8781,0.03
8782,0.03
8784,0.05
8785,0.03
8786,0.10
8787,0.03
8788,0.07
8789,0.05
8790,0.03
8791,0.05
8792,0.03
8793,0.05
8794,0.03
8795,0.05
8796,0.05
8797,0.05
8798,0.05
8799,0.05
8800,0.12
8801,0.05
8802,0.03
8803,0.05
8804,0.03
8805,0.03
8806,0.05
8807,0.05
8808,0.05
8809,0.05
8810,0.03
8811,0.03
8812,0.07
8814,0.03
8815,0.03
8816,0.03
8817,0.05
8818,0.03
8819,0.05
8820,0.03
8821,0.03
8822,0.05
8824,0.05
8825,0.05
8826,0.03
8827,0.05
8828,0.05
8829,0.03
8830,0.05
8831,0.10
8832,0.03
8833,0.05
8834,0.03
8835,0.07
8836,0.05
8837,0.05
8838,0.05
8839,0.07
8840,0.05
8841,0.07
8842,0.05
8843,0.07
8844,0.17
8845,0.03
8846,0.03
8847,0.05
8848,0.05
8849,0.05
8850,0.05
8851,0.03
8852,0.07
8853,0.03
8854,0.05
8855,0.03
8856,0.07
