mid,x1e
1,2.0
2,1.0
3,4.0
4,1.0
5,4.0
6,2.0
7,2.0
8,1.0
9,2.0
11,2.0
12,2.0
13,2.0
14,1.0
15,2.0
17,1.0
18,1.0
19,4.0
20,1.0
21,4.0
22,2.0
23,4.0
24,4.0
25,2.0
26,2.0
27,2.0
28,1.0
29,2.0
30,2.0
31,2.0
32,1.0
33,2.0
34,1.0
35,4.0
36,1.0
37,2.0
38,2.0
39,2.0
40,1.0
41,2.0
42,1.0
43,4.0
44,2.0
45,2.0
46,2.0
47,2.0
48,4.0
49,2.0
50,1.0
51,2.0
52,2.0
53,4.0
54,2.0
55,1.0
56,2.0
57,2.0
58,2.0
59,2.0
60,4.0
61,4.0
62,4.0
63,1.0
64,2.0
66,2.0
68,2.0
69,4.0
70,1.0
71,4.0
72,1.0
73,4.0
74,1.0
75,2.0
76,4.0
77,2.0
78,2.0
79,2.0
81,1.0
82,4.0
83,2.0
84,2.0
85,2.0
86,4.0
87,4.0
88,4.0
90,2.0
92,2.0
93,4.0
94,4.0
95,2.0
96,1.0
97,2.0
98,2.0
99,2.0
100,4.0
101,2.0
102,2.0
103,2.0
104,2.0
105,4.0
106,1.0
107,1.0
108,4.0
109,4.0
110,4.0
111,2.0
112,1.0
113,4.0
114,1.0
115,2.0
116,2.0
118,2.0
119,2.0
120,4.0
121,2.0
122,4.0
125,2.0
127,2.0
128,2.0
129,4.0
130,4.0
131,4.0
132,4.0
133,4.0
134,1.0
135,2.0
136,2.0
137,4.0
138,2.0
139,1.0
140,4.0
141,2.0
142,4.0
143,2.0
144,2.0
145,2.0
146,1.0
147,2.0
148,1.0
149,2.0
150,2.0
151,1.0
152,4.0
153,2.0
154,2.0
155,2.0
156,2.0
157,1.0
158,2.0
159,2.0
160,4.0
161,2.0
162,2.0
163,1.0
165,4.0
166,4.0
167,2.0
168,2.0
169,2.0
170,2.0
171,4.0
172,2.0
173,1.0
175,4.0
176,4.0
177,2.0
178,1.0
179,4.0
180,2.0
181,2.0
182,2.0
183,2.0
184,2.0
185,4.0
187,4.0
188,2.0
189,4.0
190,1.0
191,2.0
193,2.0
194,2.0
195,2.0
196,4.0
197,4.0
198,2.0
199,2.0
200,1.0
201,2.0
202,2.0
203,2.0
204,2.0
205,2.0
206,4.0
207,4.0
208,4.0
209,1.0
210,2.0
211,1.0
212,4.0
213,2.0
214,2.0
215,2.0
216,4.0
217,2.0
218,4.0
219,4.0
220,2.0
221,4.0
222,4.0
223,4.0
224,2.0
225,4.0
226,4.0
227,2.0
228,2.0
229,1.0
230,4.0
231,2.0
232,2.0
233,2.0
234,4.0
235,1.0
236,2.0
237,2.0
238,2.0
239,4.0
240,1.0
241,2.0
242,4.0
243,2.0
244,2.0
245,4.0
246,2.0
247,2.0
248,1.0
249,2.0
250,1.0
251,2.0
253,1.0
255,2.0
256,2.0
257,2.0
258,1.0
259,2.0
261,2.0
262,4.0
263,2.0
265,2.0
266,4.0
267,2.0
268,4.0
269,1.0
270,2.0
271,4.0
272,2.0
273,1.0
274,4.0
275,2.0
276,2.0
277,2.0
278,2.0
279,2.0
280,2.0
281,4.0
282,2.0
283,2.0
284,2.0
285,1.0
286,1.0
287,2.0
288,1.0
289,1.0
290,1.0
291,4.0
292,2.0
293,2.0
294,2.0
295,2.0
296,2.0
297,1.0
298,2.0
299,1.0
300,2.0
301,2.0
302,2.0
303,4.0
304,4.0
305,4.0
306,1.0
307,2.0
308,2.0
310,2.0
311,2.0
312,2.0
313,1.0
314,1.0
315,2.0
316,1.0
317,4.0
318,4.0
319,2.0
321,2.0
323,4.0
324,4.0
325,4.0
326,4.0
327,1.0
328,2.0
329,2.0
330,1.0
331,2.0
332,2.0
333,2.0
334,2.0
335,2.0
336,4.0
337,2.0
338,2.0
339,4.0
340,2.0
341,1.0
342,4.0
343,4.0
344,2.0
345,1.0
346,1.0
347,1.0
348,2.0
349,2.0
350,2.0
351,4.0
353,2.0
354,2.0
355,2.0
356,2.0
357,2.0
358,2.0
359,4.0
360,2.0
361,1.0
362,2.0
363,2.0
364,2.0
365,2.0
366,2.0
367,2.0
368,1.0
369,2.0
370,1.0
371,2.0
372,1.0
373,2.0
374,2.0
375,4.0
376,2.0
377,1.0
378,2.0
379,2.0
380,4.0
381,4.0
382,1.0
383,2.0
384,4.0
385,4.0
386,1.0
387,2.0
388,2.0
389,4.0
390,1.0
391,1.0
392,4.0
393,2.0
394,2.0
395,2.0
396,4.0
397,4.0
398,1.0
399,2.0
400,2.0
401,2.0
402,2.0
403,2.0
405,2.0
406,2.0
407,2.0
408,2.0
409,1.0
410,1.0
411,4.0
412,4.0
413,2.0
414,1.0
415,2.0
416,4.0
417,1.0
419,4.0
420,2.0
421,1.0
422,2.0
423,2.0
424,2.0
425,2.0
426,2.0
427,1.0
428,4.0
429,2.0
430,1.0
431,1.0
432,4.0
433,4.0
434,2.0
435,2.0
436,2.0
437,2.0
438,1.0
440,4.0
441,2.0
442,1.0
443,1.0
445,2.0
446,2.0
447,1.0
448,2.0
449,4.0
450,2.0
451,2.0
452,2.0
453,4.0
454,1.0
455,2.0
456,4.0
457,2.0
458,4.0
459,2.0
460,2.0
461,4.0
462,4.0
463,4.0
464,1.0
465,2.0
468,2.0
469,2.0
470,2.0
471,4.0
472,2.0
474,2.0
475,2.0
476,2.0
477,2.0
478,4.0
479,2.0
480,2.0
481,2.0
482,2.0
483,2.0
484,4.0
485,2.0
486,1.0
487,4.0
488,2.0
489,1.0
490,2.0
491,2.0
492,2.0
493,2.0
494,4.0
495,4.0
496,4.0
497,4.0
498,2.0
499,2.0
500,1.0
501,2.0
502,4.0
503,2.0
504,1.0
505,4.0
506,4.0
508,4.0
509,2.0
510,4.0
511,2.0
512,2.0
513,2.0
514,2.0
515,2.0
516,4.0
517,2.0
518,1.0
519,4.0
520,2.0
521,1.0
522,2.0
523,2.0
524,2.0
525,2.0
526,2.0
527,1.0
528,2.0
529,4.0
530,2.0
531,2.0
532,1.0
533,1.0
534,2.0
535,2.0
537,2.0
538,4.0
539,2.0
540,2.0
541,4.0
543,2.0
544,2.0
545,4.0
546,2.0
547,2.0
548,2.0
549,2.0
550,2.0
551,2.0
552,1.0
553,4.0
554,2.0
555,1.0
556,2.0
557,4.0
558,2.0
559,2.0
560,4.0
561,2.0
562,2.0
564,2.0
565,2.0
567,4.0
568,4.0
569,2.0
570,1.0
571,2.0
572,2.0
573,2.0
574,4.0
575,2.0
576,2.0
577,2.0
578,1.0
580,1.0
581,4.0
582,4.0
583,2.0
584,2.0
586,2.0
587,1.0
588,2.0
589,4.0
590,2.0
591,2.0
592,2.0
593,2.0
595,1.0
596,2.0
597,2.0
598,2.0
599,1.0
600,4.0
601,2.0
602,4.0
604,1.0
605,4.0
606,4.0
607,4.0
608,2.0
609,2.0
610,2.0
611,4.0
612,2.0
613,4.0
614,4.0
615,2.0
616,1.0
617,1.0
618,1.0
619,2.0
620,2.0
621,2.0
622,1.0
623,4.0
624,2.0
625,2.0
626,2.0
627,4.0
628,2.0
629,1.0
630,4.0
631,2.0
632,2.0
633,2.0
634,2.0
635,4.0
636,1.0
637,4.0
638,1.0
639,2.0
640,4.0
641,2.0
642,4.0
643,2.0
644,2.0
645,1.0
646,2.0
647,2.0
648,2.0
649,1.0
650,1.0
651,1.0
652,2.0
653,4.0
654,1.0
655,2.0
656,4.0
657,4.0
658,2.0
659,2.0
660,2.0
662,2.0
663,4.0
664,4.0
665,4.0
666,2.0
667,2.0
668,1.0
669,2.0
670,2.0
671,1.0
672,4.0
673,1.0
674,1.0
675,2.0
676,2.0
677,2.0
678,2.0
679,2.0
680,4.0
682,2.0
683,1.0
684,1.0
685,4.0
686,4.0
687,2.0
688,2.0
690,2.0
691,2.0
692,2.0
693,2.0
694,2.0
695,2.0
696,1.0
697,4.0
698,4.0
699,4.0
700,2.0
701,2.0
702,1.0
703,2.0
704,4.0
705,4.0
706,4.0
707,4.0
708,2.0
709,4.0
710,4.0
711,2.0
712,2.0
713,4.0
714,2.0
715,1.0
716,2.0
717,2.0
718,4.0
719,4.0
720,2.0
721,4.0
723,2.0
724,4.0
725,2.0
726,2.0
728,2.0
729,4.0
730,2.0
731,4.0
732,4.0
733,2.0
734,4.0
735,2.0
736,4.0
737,2.0
738,2.0
739,1.0
741,1.0
742,2.0
743,4.0
744,4.0
745,4.0
746,1.0
747,4.0
748,1.0
749,1.0
750,2.0
751,2.0
752,1.0
753,4.0
754,2.0
755,4.0
756,4.0
757,2.0
758,2.0
759,2.0
760,1.0
761,4.0
762,1.0
763,2.0
764,2.0
765,4.0
766,2.0
767,2.0
768,2.0
770,2.0
771,2.0
772,1.0
773,1.0
774,2.0
775,1.0
776,1.0
777,4.0
778,2.0
779,2.0
780,2.0
781,2.0
782,2.0
783,4.0
784,2.0
785,2.0
786,4.0
787,2.0
788,4.0
789,2.0
790,4.0
791,2.0
792,2.0
793,1.0
794,4.0
795,2.0
796,4.0
797,4.0
798,2.0
799,2.0
800,2.0
801,2.0
802,2.0
803,2.0
804,4.0
805,2.0
806,4.0
807,4.0
809,2.0
810,4.0
811,2.0
812,2.0
813,2.0
814,1.0
816,2.0
817,2.0
818,2.0
819,2.0
820,2.0
821,2.0
822,2.0
823,4.0
824,4.0
825,2.0
827,4.0
828,2.0
829,4.0
830,2.0
832,2.0
833,2.0
834,2.0
835,2.0
836,2.0
837,2.0
838,2.0
839,2.0
840,4.0
841,4.0
842,2.0
843,2.0
844,2.0
845,1.0
846,2.0
847,2.0
848,2.0
849,2.0
850,1.0
851,4.0
853,2.0
854,2.0
855,2.0
856,2.0
857,4.0
858,2.0
859,2.0
860,4.0
861,2.0
862,4.0
863,4.0
864,2.0
865,2.0
866,1.0
867,2.0
868,2.0
869,4.0
870,2.0
871,2.0
872,2.0
873,2.0
874,2.0
875,2.0
876,1.0
877,4.0
878,2.0
879,2.0
880,4.0
881,2.0
882,2.0
883,1.0
884,2.0
885,2.0
886,2.0
887,4.0
888,2.0
889,2.0
890,4.0
891,4.0
892,1.0
893,2.0
894,4.0
895,2.0
896,1.0
897,2.0
898,4.0
899,4.0
900,2.0
901,2.0
902,2.0
903,2.0
904,2.0
905,2.0
906,2.0
907,2.0
908,2.0
909,4.0
910,4.0
911,2.0
912,2.0
913,4.0
914,4.0
915,4.0
916,2.0
917,2.0
918,2.0
919,2.0
920,4.0
921,2.0
922,1.0
923,4.0
924,1.0
925,2.0
926,4.0
927,2.0
928,4.0
929,1.0
930,2.0
931,1.0
932,2.0
933,2.0
934,4.0
935,2.0
936,4.0
937,4.0
938,1.0
939,1.0
940,2.0
941,2.0
942,2.0
943,1.0
944,4.0
945,2.0
946,2.0
947,1.0
948,2.0
949,2.0
950,2.0
951,1.0
952,2.0
953,2.0
954,2.0
955,2.0
956,1.0
958,4.0
959,1.0
960,2.0
961,4.0
962,2.0
963,4.0
964,2.0
965,1.0
966,4.0
967,2.0
968,2.0
969,1.0
970,1.0
971,4.0
972,2.0
973,2.0
974,1.0
975,2.0
976,2.0
977,2.0
978,1.0
979,1.0
980,1.0
981,2.0
982,2.0
983,2.0
984,2.0
985,4.0
986,4.0
987,1.0
988,2.0
989,2.0
990,2.0
991,2.0
992,2.0
993,1.0
994,4.0
995,2.0
996,4.0
997,2.0
998,1.0
999,2.0
1000,2.0
1001,2.0
1002,4.0
1003,2.0
1004,1.0
1005,4.0
1007,4.0
1008,2.0
1009,2.0
1010,2.0
1011,2.0
1012,2.0
1013,4.0
1014,2.0
1015,4.0
1016,1.0
1017,2.0
1018,2.0
1019,2.0
1020,2.0
1021,2.0
1022,4.0
1023,2.0
1024,2.0
1025,2.0
1026,2.0
1027,2.0
1028,2.0
1029,1.0
1030,2.0
1031,4.0
1032,2.0
1033,2.0
1034,2.0
1035,1.0
1036,1.0
1037,1.0
1039,2.0
1040,4.0
1041,1.0
1042,2.0
1043,2.0
1044,4.0
1045,2.0
1046,2.0
1047,2.0
1048,2.0
1049,2.0
1050,1.0
1051,1.0
1052,2.0
1053,2.0
1054,2.0
1055,2.0
1057,2.0
1058,2.0
1059,2.0
1060,2.0
1061,2.0
1062,2.0
1063,2.0
1064,2.0
1065,1.0
1066,2.0
1068,2.0
1069,2.0
1070,2.0
1071,2.0
1072,2.0
1073,4.0
1074,2.0
1075,4.0
1076,2.0
1077,4.0
1078,2.0
1079,2.0
1080,4.0
1081,2.0
1082,4.0
1083,2.0
1084,1.0
1085,2.0
1086,2.0
1087,4.0
1088,2.0
1089,4.0
1090,4.0
1091,1.0
1092,2.0
1093,2.0
1094,1.0
1095,4.0
1096,2.0
1097,2.0
1098,1.0
1099,2.0
1100,4.0
1101,2.0
1102,2.0
1103,2.0
1105,2.0
1106,2.0
1107,1.0
1108,2.0
1109,2.0
1110,2.0
1111,2.0
1112,2.0
1113,2.0
1114,2.0
1115,2.0
1116,4.0
1117,2.0
1118,1.0
1119,2.0
1120,4.0
1121,2.0
1122,4.0
1123,2.0
1124,2.0
1125,2.0
1126,4.0
1127,2.0
1128,2.0
1129,2.0
1130,2.0
1131,2.0
1132,2.0
1133,1.0
1134,2.0
1135,2.0
1136,4.0
1137,2.0
1138,4.0
1139,2.0
1140,2.0
1141,4.0
1142,2.0
1143,2.0
1144,2.0
1145,2.0
1147,4.0
1148,4.0
1149,2.0
1150,2.0
1151,4.0
1152,2.0
1153,2.0
1154,2.0
1155,4.0
1157,1.0
1158,2.0
1159,4.0
1160,4.0
1161,2.0
1162,2.0
1163,1.0
1164,2.0
1165,2.0
1166,2.0
1167,2.0
1168,2.0
1169,1.0
1170,2.0
1171,1.0
1172,2.0
1173,2.0
1174,1.0
1175,2.0
1176,1.0
1177,4.0
1178,2.0
1179,1.0
1180,4.0
1181,2.0
1182,4.0
1183,1.0
1184,2.0
1185,2.0
1186,1.0
1187,4.0
1188,4.0
1189,2.0
1190,2.0
1191,4.0
1192,2.0
1193,4.0
1194,4.0
1195,2.0
1196,1.0
1197,4.0
1198,2.0
1199,2.0
1200,1.0
1201,2.0
1202,1.0
1203,2.0
1204,2.0
1205,2.0
1206,2.0
1207,4.0
1208,2.0
1209,2.0
1210,4.0
1211,2.0
1212,4.0
1213,1.0
1214,1.0
1215,2.0
1216,4.0
1217,2.0
1218,4.0
1219,4.0
1220,2.0
1221,1.0
1222,2.0
1223,1.0
1224,4.0
1225,2.0
1226,2.0
1227,2.0
1228,2.0
1229,2.0
1230,2.0
1231,2.0
1232,4.0
1233,2.0
1234,1.0
1235,4.0
1236,4.0
1237,1.0
1238,2.0
1239,4.0
1240,2.0
1241,2.0
1242,4.0
1243,1.0
1244,1.0
1245,1.0
1246,1.0
1248,2.0
1249,1.0
1250,1.0
1251,2.0
1252,2.0
1253,4.0
1254,2.0
1255,2.0
1256,1.0
1257,4.0
1258,2.0
1259,2.0
1260,1.0
1262,2.0
1263,2.0
1264,2.0
1265,4.0
1266,4.0
1267,4.0
1268,4.0
1269,2.0
1270,1.0
1271,4.0
1272,2.0
1273,2.0
1274,4.0
1275,1.0
1277,2.0
1279,4.0
1280,2.0
1281,1.0
1282,4.0
1283,2.0
1284,1.0
1285,2.0
1286,4.0
1287,1.0
1288,4.0
1289,2.0
1290,2.0
1291,2.0
1292,2.0
1293,2.0
1294,4.0
1295,2.0
1296,1.0
1297,4.0
1298,4.0
1299,2.0
1300,2.0
1301,1.0
1303,2.0
1304,2.0
1305,4.0
1306,2.0
1307,2.0
1308,2.0
1309,4.0
1310,4.0
1311,2.0
1312,2.0
1313,2.0
1314,2.0
1315,4.0
1316,1.0
1317,1.0
1318,1.0
1319,2.0
1320,4.0
1321,2.0
1322,4.0
1324,2.0
1325,2.0
1326,4.0
1327,1.0
1328,2.0
1329,2.0
1330,2.0
1331,2.0
1332,2.0
1333,2.0
1334,4.0
1336,2.0
1337,4.0
1338,2.0
1339,2.0
1340,1.0
1341,4.0
1342,2.0
1343,4.0
1344,4.0
1345,2.0
1346,4.0
1347,2.0
1348,2.0
1351,2.0
1352,2.0
1353,2.0
1354,2.0
1355,2.0
1356,4.0
1357,1.0
1358,2.0
1359,2.0
1360,1.0
1361,1.0
1362,2.0
1363,1.0
1365,2.0
1366,4.0
1367,2.0
1368,2.0
1369,2.0
1370,4.0
1371,2.0
1372,4.0
1373,2.0
1375,4.0
1376,2.0
1377,2.0
1378,4.0
1379,4.0
1380,4.0
1381,2.0
1382,4.0
1383,2.0
1384,1.0
1385,2.0
1386,1.0
1387,2.0
1388,2.0
1389,1.0
1390,4.0
1391,2.0
1392,4.0
1393,2.0
1395,1.0
1396,4.0
1397,2.0
1398,1.0
1399,4.0
1400,2.0
1401,2.0
1402,4.0
1403,1.0
1404,2.0
1405,2.0
1406,2.0
1407,2.0
1408,2.0
1409,4.0
1410,4.0
1411,1.0
1412,2.0
1413,2.0
1414,1.0
1415,2.0
1416,2.0
1417,2.0
1418,2.0
1419,2.0
1420,1.0
1421,4.0
1422,1.0
1423,1.0
1424,1.0
1425,4.0
1426,2.0
1427,1.0
1428,2.0
1429,4.0
1430,1.0
1431,2.0
1432,2.0
1433,1.0
1434,4.0
1435,2.0
1436,2.0
1437,2.0
1438,2.0
1439,4.0
1440,4.0
1441,2.0
1442,1.0
1443,1.0
1444,2.0
1445,2.0
1446,1.0
1447,4.0
1448,1.0
1449,1.0
1450,2.0
1451,1.0
1452,1.0
1453,1.0
1454,1.0
1456,2.0
1457,1.0
1458,2.0
1459,4.0
1460,2.0
1461,4.0
1462,2.0
1464,2.0
1465,2.0
1466,2.0
1468,1.0
1469,2.0
1470,2.0
1471,1.0
1472,2.0
1474,4.0
1475,2.0
1476,1.0
1477,4.0
1478,2.0
1479,2.0
1480,1.0
1481,4.0
1482,4.0
1483,1.0
1484,2.0
1485,2.0
1486,4.0
1487,1.0
1488,2.0
1489,1.0
1490,2.0
1491,1.0
1492,2.0
1493,1.0
1494,2.0
1495,4.0
1496,2.0
1497,1.0
1498,2.0
1499,2.0
1501,2.0
1502,2.0
1503,2.0
1504,2.0
1505,2.0
1506,2.0
1507,2.0
1508,2.0
1509,2.0
1510,2.0
1511,1.0
1512,2.0
1513,2.0
1514,1.0
1515,2.0
1516,2.0
1517,2.0
1518,4.0
1519,2.0
1520,1.0
1521,2.0
1522,2.0
1523,2.0
1524,2.0
1525,2.0
1526,2.0
1527,2.0
1528,1.0
1529,1.0
1530,2.0
1531,4.0
1532,4.0
1533,4.0
1534,4.0
1536,4.0
1537,1.0
1538,2.0
1539,2.0
1540,4.0
1541,2.0
1542,4.0
1543,2.0
1544,2.0
1546,2.0
1548,2.0
1549,2.0
1550,2.0
1551,2.0
1552,2.0
1553,1.0
1554,2.0
1555,2.0
1556,4.0
1557,1.0
1558,2.0
1559,2.0
1560,1.0
1561,2.0
1562,2.0
1563,1.0
1564,4.0
1565,4.0
1566,2.0
1568,1.0
1569,1.0
1570,4.0
1571,2.0
1572,2.0
1573,4.0
1574,2.0
1575,2.0
1576,1.0
1577,2.0
1578,2.0
1579,1.0
1580,2.0
1581,2.0
1582,2.0
1583,2.0
1584,1.0
1585,4.0
1586,1.0
1587,2.0
1588,1.0
1589,1.0
1590,2.0
1591,2.0
1592,2.0
1593,2.0
1594,2.0
1595,1.0
1597,4.0
1598,2.0
1599,2.0
1600,2.0
1601,2.0
1602,4.0
1603,2.0
1604,1.0
1605,4.0
1606,1.0
1607,2.0
1608,2.0
1609,1.0
1610,2.0
1611,4.0
1612,2.0
1613,2.0
1614,2.0
1615,2.0
1616,2.0
1617,4.0
1618,4.0
1620,4.0
1621,1.0
1622,2.0
1623,2.0
1624,4.0
1625,2.0
1626,2.0
1627,4.0
1628,4.0
1629,2.0
1630,2.0
1631,4.0
1632,2.0
1633,2.0
1634,2.0
1635,2.0
1636,4.0
1637,1.0
1638,4.0
1639,1.0
1640,2.0
1641,2.0
1642,2.0
1643,2.0
1644,4.0
1645,1.0
1646,2.0
1647,1.0
1648,4.0
1649,2.0
1650,2.0
1651,2.0
1652,2.0
1653,4.0
1654,1.0
1655,4.0
1656,4.0
1657,2.0
1658,2.0
1659,2.0
1660,1.0
1661,2.0
1662,2.0
1663,1.0
1664,2.0
1665,2.0
1666,4.0
1667,2.0
1668,2.0
1669,4.0
1670,2.0
1671,2.0
1672,2.0
1673,1.0
1674,1.0
1675,2.0
1676,2.0
1677,2.0
1678,2.0
1679,2.0
1680,1.0
1681,2.0
1682,2.0
1683,2.0
1684,2.0
1685,4.0
1686,2.0
1687,4.0
1688,1.0
1690,2.0
1691,2.0
1692,2.0
1693,4.0
1694,2.0
1695,2.0
1697,2.0
1698,2.0
1699,1.0
1700,2.0
1701,2.0
1702,4.0
1703,2.0
1704,1.0
1705,2.0
1706,2.0
1707,2.0
1708,2.0
1709,2.0
1710,1.0
1711,2.0
1712,2.0
1713,2.0
1714,2.0
1715,4.0
1717,1.0
1718,4.0
1719,2.0
1720,2.0
1721,2.0
1722,2.0
1723,2.0
1724,4.0
1725,2.0
1726,2.0
1727,2.0
1728,2.0
1729,1.0
1730,1.0
1731,2.0
1732,1.0
1733,2.0
1734,2.0
1735,4.0
1736,2.0
1737,4.0
1738,4.0
1739,2.0
1740,4.0
1741,2.0
1742,4.0
1743,2.0
1744,1.0
1745,2.0
1746,2.0
1747,2.0
1748,2.0
1749,4.0
1750,1.0
1751,1.0
1752,2.0
1754,4.0
1755,4.0
1756,2.0
1757,2.0
1758,2.0
1759,4.0
1760,2.0
1761,2.0
1762,2.0
1763,2.0
1764,2.0
1765,2.0
1766,4.0
1767,4.0
1768,2.0
1769,2.0
1770,2.0
1771,4.0
1772,4.0
1773,4.0
1774,2.0
1775,4.0
1776,4.0
1777,2.0
1778,4.0
1779,2.0
1780,2.0
1781,1.0
1782,1.0
1783,1.0
1784,4.0
1785,2.0
1786,4.0
1787,1.0
1788,2.0
1789,2.0
1790,2.0
1791,1.0
1792,2.0
1793,4.0
1794,4.0
1795,1.0
1796,2.0
1797,2.0
1798,1.0
1799,2.0
1800,2.0
1801,4.0
1802,2.0
1803,2.0
1804,2.0
1805,2.0
1806,4.0
1807,1.0
1808,2.0
1809,4.0
1810,2.0
1811,2.0
1812,1.0
1813,4.0
1814,1.0
1815,2.0
1816,2.0
1817,1.0
1818,4.0
1819,2.0
1820,4.0
1821,2.0
1822,2.0
1823,2.0
1824,2.0
1825,2.0
1826,1.0
1827,4.0
1828,2.0
1829,4.0
1830,4.0
1831,2.0
1832,2.0
1833,2.0
1834,2.0
1835,2.0
1836,4.0
1837,1.0
1838,2.0
1839,1.0
1840,1.0
1841,4.0
1842,4.0
1843,2.0
1844,2.0
1845,1.0
1846,2.0
1847,2.0
1848,4.0
1849,2.0
1850,2.0
1851,1.0
1852,4.0
1853,2.0
1854,2.0
1855,2.0
1857,2.0
1858,2.0
1859,4.0
1860,1.0
1861,1.0
1862,1.0
1863,2.0
1864,1.0
1865,4.0
1866,2.0
1867,2.0
1869,4.0
1870,2.0
1871,2.0
1872,2.0
1873,1.0
1874,1.0
1876,1.0
1878,2.0
1879,2.0
1880,2.0
1881,1.0
1882,1.0
1883,2.0
1884,4.0
1885,2.0
1886,4.0
1887,2.0
1888,1.0
1889,1.0
1890,2.0
1891,1.0
1892,4.0
1893,1.0
1894,2.0
1895,4.0
1896,2.0
1897,4.0
1898,4.0
1899,2.0
1900,2.0
1901,2.0
1902,1.0
1903,2.0
1905,1.0
1906,1.0
1907,2.0
1909,2.0
1910,2.0
1911,2.0
1912,2.0
1913,1.0
1914,4.0
1915,1.0
1916,2.0
1918,2.0
1919,2.0
1920,2.0
1921,4.0
1922,2.0
1923,2.0
1924,2.0
1925,2.0
1926,4.0
1927,4.0
1928,2.0
1929,4.0
1930,2.0
1931,1.0
1932,4.0
1933,2.0
1934,2.0
1935,2.0
1936,1.0
1937,2.0
1938,2.0
1939,2.0
1940,1.0
1941,2.0
1942,2.0
1943,4.0
1944,4.0
1945,4.0
1946,2.0
1947,4.0
1948,2.0
1949,2.0
1950,1.0
1951,1.0
1952,1.0
1953,2.0
1954,1.0
1955,2.0
1956,2.0
1957,2.0
1958,2.0
1959,2.0
1961,2.0
1962,2.0
1963,2.0
1964,4.0
1965,4.0
1967,1.0
1968,2.0
1969,2.0
1970,4.0
1971,2.0
1972,1.0
1973,2.0
1974,2.0
1975,1.0
1976,2.0
1977,2.0
1978,4.0
1979,2.0
1980,2.0
1981,1.0
1982,2.0
1983,2.0
1984,4.0
1985,2.0
1986,2.0
1987,4.0
1988,2.0
1989,4.0
1990,2.0
1991,2.0
1992,1.0
1993,4.0
1995,2.0
1997,1.0
1998,2.0
1999,2.0
2000,2.0
2001,1.0
2002,1.0
2003,4.0
2004,4.0
2005,1.0
2006,4.0
2007,2.0
2008,1.0
2009,2.0
2010,4.0
2011,2.0
2012,2.0
2013,2.0
2014,4.0
2015,2.0
2016,2.0
2017,4.0
2018,2.0
2019,4.0
2020,2.0
2021,2.0
2022,4.0
2023,2.0
2024,2.0
2025,2.0
2026,4.0
2027,2.0
2028,1.0
2029,2.0
2030,1.0
2031,2.0
2032,2.0
2033,2.0
2034,2.0
2035,4.0
2036,1.0
2037,2.0
2038,2.0
2039,2.0
2040,2.0
2041,2.0
2042,4.0
2043,2.0
2044,2.0
2045,2.0
2046,1.0
2047,1.0
2048,2.0
2049,2.0
2050,2.0
2051,1.0
2052,2.0
2053,4.0
2054,4.0
2055,4.0
2056,2.0
2057,4.0
2058,2.0
2059,2.0
2061,4.0
2062,2.0
2063,2.0
2064,2.0
2065,2.0
2066,4.0
2067,2.0
2069,4.0
2070,2.0
2071,4.0
2072,2.0
2073,2.0
2074,1.0
2075,2.0
2076,2.0
2077,4.0
2078,4.0
2079,2.0
2080,1.0
2081,4.0
2082,2.0
2083,2.0
2084,1.0
2085,4.0
2086,2.0
2087,2.0
2088,1.0
2089,2.0
2090,1.0
2091,4.0
2092,2.0
2093,2.0
2094,2.0
2095,2.0
2096,2.0
2097,2.0
2098,4.0
2099,1.0
2100,4.0
2101,2.0
2102,4.0
2104,4.0
2106,4.0
2107,4.0
2108,2.0
2109,4.0
2110,4.0
2111,2.0
2112,2.0
2113,2.0
2114,2.0
2116,2.0
2117,1.0
2118,2.0
2119,2.0
2120,1.0
2121,4.0
2122,4.0
2123,1.0
2125,2.0
2126,2.0
2127,4.0
2128,2.0
2129,2.0
2130,1.0
2131,4.0
2132,2.0
2133,2.0
2134,2.0
2135,2.0
2136,4.0
2137,2.0
2138,1.0
2139,2.0
2140,2.0
2141,1.0
2142,1.0
2143,1.0
2144,4.0
2145,4.0
2146,1.0
2147,2.0
2148,1.0
2149,2.0
2150,2.0
2151,2.0
2152,2.0
2153,4.0
2155,2.0
2156,2.0
2157,1.0
2158,2.0
2159,4.0
2161,2.0
2162,2.0
2163,2.0
2164,4.0
2165,2.0
2166,4.0
2167,4.0
2168,2.0
2169,4.0
2170,1.0
2171,2.0
2172,2.0
2173,4.0
2174,2.0
2175,2.0
2176,2.0
2177,4.0
2178,2.0
2180,2.0
2181,1.0
2183,2.0
2184,2.0
2185,2.0
2186,2.0
2187,2.0
2188,2.0
2189,4.0
2190,4.0
2191,2.0
2192,2.0
2193,4.0
2194,2.0
2195,4.0
2196,1.0
2197,2.0
2198,4.0
2199,1.0
2200,2.0
2201,2.0
2202,2.0
2203,1.0
2204,2.0
2205,2.0
2206,2.0
2207,1.0
2208,4.0
2209,2.0
2210,1.0
2211,4.0
2212,2.0
2213,4.0
2214,2.0
2215,2.0
2216,2.0
2217,4.0
2218,1.0
2219,4.0
2220,2.0
2221,1.0
2222,4.0
2223,2.0
2224,2.0
2225,2.0
2226,2.0
2227,1.0
2228,2.0
2229,2.0
2230,2.0
2231,2.0
2232,1.0
2233,2.0
2234,4.0
2235,2.0
2236,2.0
2237,2.0
2238,4.0
2240,2.0
2241,2.0
2242,2.0
2243,2.0
2244,1.0
2246,2.0
2247,2.0
2248,1.0
2249,2.0
2250,2.0
2251,2.0
2252,1.0
2253,2.0
2254,2.0
2256,2.0
2257,4.0
2258,1.0
2259,2.0
2260,4.0
2261,2.0
2262,1.0
2263,2.0
2264,2.0
2265,2.0
2266,1.0
2267,4.0
2268,2.0
2269,4.0
2270,1.0
2271,2.0
2272,2.0
2273,2.0
2274,1.0
2275,2.0
2276,2.0
2277,1.0
2279,4.0
2280,2.0
2281,1.0
2282,1.0
2283,2.0
2284,2.0
2285,4.0
2286,1.0
2287,4.0
2288,2.0
2289,2.0
2290,2.0
2291,2.0
2292,2.0
2294,2.0
2295,2.0
2296,2.0
2297,2.0
2298,4.0
2299,2.0
2300,2.0
2301,4.0
2303,2.0
2304,2.0
2305,4.0
2306,4.0
2307,2.0
2308,4.0
2309,4.0
2310,4.0
2311,2.0
2312,2.0
2313,4.0
2314,2.0
2315,1.0
2316,2.0
2317,2.0
2318,2.0
2319,4.0
2320,1.0
2321,1.0
2322,1.0
2323,2.0
2324,2.0
2325,2.0
2326,2.0
2327,2.0
2328,2.0
2329,2.0
2330,4.0
2331,1.0
2332,2.0
2333,2.0
2334,1.0
2335,2.0
2336,2.0
2337,4.0
2338,2.0
2339,4.0
2340,2.0
2341,2.0
2342,1.0
2343,1.0
2344,4.0
2345,4.0
2346,1.0
2347,2.0
2348,2.0
2349,4.0
2350,2.0
2351,4.0
2352,4.0
2353,2.0
2354,2.0
2355,2.0
2356,2.0
2357,2.0
2358,1.0
2360,2.0
2361,4.0
2362,2.0
2363,2.0
2364,1.0
2365,1.0
2366,4.0
2367,2.0
2368,4.0
2369,4.0
2370,1.0
2371,1.0
2372,4.0
2373,1.0
2374,2.0
2375,4.0
2376,2.0
2377,2.0
2378,2.0
2379,2.0
2380,2.0
2381,4.0
2382,1.0
2383,2.0
2384,2.0
2385,2.0
2386,2.0
2387,2.0
2388,2.0
2389,1.0
2390,4.0
2391,4.0
2392,4.0
2393,4.0
2394,2.0
2395,2.0
2396,4.0
2397,2.0
2398,2.0
2399,4.0
2400,4.0
2402,2.0
2403,1.0
2404,2.0
2405,2.0
2406,1.0
2407,4.0
2408,2.0
2409,2.0
2410,2.0
2411,2.0
2412,2.0
2413,2.0
2414,4.0
2415,4.0
2416,2.0
2417,2.0
2418,4.0
2420,1.0
2421,2.0
2422,4.0
2423,2.0
2424,2.0
2425,2.0
2426,2.0
2427,2.0
2428,1.0
2429,1.0
2430,4.0
2431,2.0
2432,2.0
2433,4.0
2434,4.0
2435,1.0
2436,4.0
2437,1.0
2438,4.0
2439,2.0
2440,2.0
2441,4.0
2442,2.0
2443,2.0
2444,2.0
2445,2.0
2446,1.0
2447,2.0
2448,2.0
2449,2.0
2450,1.0
2451,1.0
2452,4.0
2453,2.0
2454,4.0
2455,2.0
2456,4.0
2457,2.0
2458,1.0
2459,4.0
2460,4.0
2461,4.0
2463,2.0
2464,2.0
2466,2.0
2467,4.0
2468,2.0
2469,2.0
2470,2.0
2471,2.0
2472,4.0
2473,4.0
2474,2.0
2475,4.0
2476,2.0
2477,2.0
2478,2.0
2479,4.0
2480,2.0
2481,2.0
2482,2.0
2483,2.0
2484,2.0
2485,4.0
2486,4.0
2487,2.0
2488,1.0
2489,4.0
2490,2.0
2491,4.0
2492,2.0
2493,2.0
2494,2.0
2496,2.0
2497,2.0
2498,2.0
2499,2.0
2500,2.0
2501,2.0
2502,2.0
2503,4.0
2504,2.0
2505,4.0
2506,4.0
2507,2.0
2508,1.0
2509,4.0
2510,4.0
2511,2.0
2512,1.0
2514,2.0
2515,2.0
2516,2.0
2517,4.0
2518,1.0
2519,4.0
2520,1.0
2521,2.0
2523,1.0
2524,2.0
2525,2.0
2526,2.0
2527,2.0
2528,2.0
2529,2.0
2530,2.0
2531,1.0
2532,4.0
2533,1.0
2534,2.0
2535,2.0
2536,4.0
2537,2.0
2538,2.0
2539,2.0
2540,2.0
2541,4.0
2542,2.0
2543,1.0
2544,2.0
2545,2.0
2546,2.0
2548,2.0
2549,2.0
2550,1.0
2551,2.0
2552,4.0
2553,2.0
2554,2.0
2555,2.0
2556,1.0
2557,1.0
2558,2.0
2559,4.0
2560,2.0
2561,2.0
2562,2.0
2564,2.0
2566,4.0
2567,2.0
2568,2.0
2570,2.0
2571,1.0
2572,2.0
2573,2.0
2574,2.0
2576,2.0
2577,2.0
2578,2.0
2579,2.0
2580,2.0
2581,2.0
2582,1.0
2583,4.0
2584,2.0
2585,1.0
2586,4.0
2587,4.0
2588,2.0
2589,2.0
2590,2.0
2591,2.0
2592,2.0
2593,1.0
2594,2.0
2595,1.0
2596,4.0
2597,4.0
2598,1.0
2599,2.0
2600,2.0
2601,2.0
2602,2.0
2603,2.0
2604,2.0
2606,1.0
2607,2.0
2608,2.0
2609,1.0
2610,2.0
2611,2.0
2612,2.0
2613,4.0
2614,4.0
2615,4.0
2616,1.0
2617,1.0
2618,1.0
2619,1.0
2620,1.0
2621,2.0
2622,1.0
2623,2.0
2624,2.0
2625,1.0
2626,2.0
2627,2.0
2628,2.0
2629,2.0
2630,2.0
2631,2.0
2632,1.0
2633,2.0
2634,1.0
2635,1.0
2636,2.0
2637,2.0
2638,1.0
2639,2.0
2640,4.0
2641,2.0
2642,2.0
2643,2.0
2645,4.0
2646,4.0
2647,2.0
2648,1.0
2649,2.0
2651,2.0
2652,4.0
2653,4.0
2654,2.0
2655,2.0
2656,4.0
2657,1.0
2658,2.0
2659,4.0
2660,4.0
2661,4.0
2662,4.0
2663,2.0
2664,2.0
2665,1.0
2666,1.0
2667,2.0
2668,2.0
2669,2.0
2670,2.0
2671,4.0
2672,2.0
2673,2.0
2674,2.0
2675,2.0
2676,2.0
2677,2.0
2678,2.0
2679,1.0
2680,2.0
2681,4.0
2682,1.0
2683,2.0
2684,2.0
2685,2.0
2686,2.0
2687,2.0
2688,4.0
2689,2.0
2690,2.0
2691,1.0
2692,1.0
2693,4.0
2694,2.0
2695,4.0
2696,4.0
2697,4.0
2698,4.0
2699,2.0
2700,4.0
2701,2.0
2702,4.0
2703,1.0
2704,4.0
2705,2.0
2706,2.0
2707,4.0
2708,2.0
2709,1.0
2710,2.0
2711,2.0
2712,2.0
2713,2.0
2714,4.0
2715,1.0
2716,2.0
2717,4.0
2718,2.0
2719,2.0
2720,2.0
2721,2.0
2722,4.0
2723,4.0
2726,1.0
2727,2.0
2728,2.0
2729,1.0
2730,2.0
2731,1.0
2732,4.0
2733,2.0
2734,2.0
2735,2.0
2736,4.0
2737,4.0
2738,2.0
2739,2.0
2741,2.0
2742,2.0
2743,2.0
2745,1.0
2746,2.0
2747,4.0
2748,4.0
2749,4.0
2750,2.0
2751,2.0
2752,4.0
2753,2.0
2754,1.0
2755,4.0
2756,2.0
2757,2.0
2758,2.0
2760,2.0
2761,4.0
2762,4.0
2763,2.0
2764,2.0
2765,4.0
2766,2.0
2767,2.0
2768,2.0
2769,2.0
2770,1.0
2771,2.0
2772,1.0
2773,2.0
2774,4.0
2775,2.0
2776,4.0
2777,2.0
2778,1.0
2779,4.0
2780,2.0
2781,1.0
2782,2.0
2783,4.0
2784,4.0
2785,4.0
2786,1.0
2787,2.0
2788,2.0
2790,2.0
2791,1.0
2792,1.0
2794,2.0
2795,4.0
2796,2.0
2797,2.0
2798,2.0
2799,2.0
2800,2.0
2801,2.0
2802,2.0
2803,2.0
2804,1.0
2806,2.0
2807,1.0
2808,2.0
2809,2.0
2810,1.0
2811,2.0
2812,2.0
2813,2.0
2814,2.0
2815,1.0
2816,2.0
2817,2.0
2818,1.0
2819,4.0
2820,4.0
2821,2.0
2823,4.0
2824,2.0
2825,4.0
2826,4.0
2827,4.0
2828,1.0
2829,2.0
2830,2.0
2831,2.0
2832,2.0
2833,2.0
2834,2.0
2835,2.0
2836,2.0
2837,4.0
2838,2.0
2839,2.0
2840,1.0
2841,1.0
2842,2.0
2843,1.0
2844,2.0
2845,2.0
2846,2.0
2847,4.0
2848,4.0
2849,2.0
2850,2.0
2851,4.0
2852,2.0
2853,2.0
2854,4.0
2855,2.0
2856,2.0
2857,4.0
2858,2.0
2859,2.0
2860,1.0
2861,4.0
2862,1.0
2863,4.0
2864,2.0
2865,2.0
2866,2.0
2867,4.0
2868,1.0
2869,4.0
2870,2.0
2871,2.0
2872,4.0
2873,4.0
2874,2.0
2875,4.0
2876,2.0
2877,2.0
2878,1.0
2879,4.0
2880,2.0
2881,2.0
2882,4.0
2883,4.0
2884,4.0
2885,1.0
2886,2.0
2887,4.0
2888,2.0
2889,4.0
2890,4.0
2891,2.0
2892,2.0
2893,2.0
2894,2.0
2895,2.0
2896,2.0
2897,1.0
2899,2.0
2900,4.0
2901,2.0
2902,2.0
2903,2.0
2904,1.0
2905,4.0
2907,2.0
2908,1.0
2909,1.0
2911,2.0
2912,1.0
2913,4.0
2914,1.0
2915,2.0
2916,2.0
2917,2.0
2918,2.0
2919,4.0
2920,2.0
2921,2.0
2922,2.0
2923,1.0
2924,2.0
2925,2.0
2926,4.0
2927,4.0
2928,2.0
2929,4.0
2930,4.0
2931,2.0
2932,1.0
2933,2.0
2934,2.0
2935,2.0
2937,2.0
2938,4.0
2940,4.0
2941,2.0
2942,2.0
2943,2.0
2944,2.0
2945,4.0
2946,2.0
2947,4.0
2948,2.0
2949,4.0
2950,1.0
2951,2.0
2952,2.0
2953,2.0
2954,4.0
2955,4.0
2956,2.0
2957,4.0
2958,2.0
2959,2.0
2960,2.0
2961,1.0
2962,4.0
2963,4.0
2964,4.0
2965,2.0
2966,1.0
2967,2.0
2968,2.0
2969,1.0
2970,2.0
2971,2.0
2972,4.0
2973,2.0
2974,2.0
2975,2.0
2976,4.0
2977,2.0
2978,4.0
2979,2.0
2980,1.0
2981,1.0
2982,2.0
2983,2.0
2984,2.0
2985,4.0
2986,2.0
2987,1.0
2988,4.0
2989,2.0
2990,1.0
2991,2.0
2992,2.0
2993,4.0
2994,2.0
2995,4.0
2996,4.0
2997,2.0
2998,4.0
2999,2.0
3000,2.0
3001,2.0
3002,2.0
3004,2.0
3005,2.0
3006,2.0
3007,1.0
3008,2.0
3009,4.0
3010,2.0
3011,2.0
3012,2.0
3013,4.0
3014,2.0
3015,2.0
3016,2.0
3017,4.0
3018,1.0
3019,2.0
3020,2.0
3021,4.0
3022,1.0
3024,2.0
3025,4.0
3026,2.0
3027,2.0
3028,2.0
3029,2.0
3030,2.0
3031,1.0
3032,2.0
3033,2.0
3034,2.0
3035,4.0
3036,2.0
3037,1.0
3038,4.0
3039,4.0
3040,4.0
3041,4.0
3042,2.0
3043,2.0
3044,2.0
3045,4.0
3046,4.0
3047,4.0
3048,2.0
3049,1.0
3050,4.0
3051,2.0
3052,1.0
3053,2.0
3054,2.0
3055,2.0
3056,2.0
3057,2.0
3058,2.0
3059,2.0
3060,1.0
3061,2.0
3062,1.0
3063,2.0
3064,2.0
3065,2.0
3066,4.0
3067,1.0
3068,4.0
3069,2.0
3070,1.0
3071,2.0
3072,4.0
3074,1.0
3075,1.0
3076,4.0
3077,2.0
3078,4.0
3081,4.0
3082,1.0
3083,4.0
3084,2.0
3086,1.0
3087,2.0
3088,2.0
3089,2.0
3090,2.0
3091,1.0
3092,2.0
3093,2.0
3094,4.0
3095,1.0
3096,4.0
3097,2.0
3098,2.0
3099,2.0
3100,2.0
3101,2.0
3102,1.0
3103,4.0
3104,4.0
3105,4.0
3106,4.0
3107,4.0
3108,2.0
3109,4.0
3110,2.0
3111,4.0
3112,4.0
3113,2.0
3114,4.0
3115,2.0
3116,4.0
3117,2.0
3118,2.0
3119,2.0
3120,4.0
3121,2.0
3122,1.0
3123,1.0
3124,4.0
3125,2.0
3126,1.0
3127,1.0
3128,2.0
3129,1.0
3130,4.0
3131,4.0
3132,2.0
3133,2.0
3134,2.0
3135,4.0
3136,2.0
3137,4.0
3138,2.0
3139,4.0
3140,4.0
3141,4.0
3142,2.0
3143,1.0
3144,2.0
3145,2.0
3146,4.0
3147,2.0
3148,2.0
3149,2.0
3150,2.0
3151,2.0
3152,2.0
3153,2.0
3154,2.0
3155,2.0
3156,2.0
3157,4.0
3158,4.0
3159,2.0
3160,4.0
3161,2.0
3162,2.0
3163,1.0
3164,2.0
3165,1.0
3166,2.0
3167,4.0
3168,1.0
3169,4.0
3170,1.0
3171,4.0
3172,4.0
3173,4.0
3174,2.0
3175,4.0
3176,2.0
3177,2.0
3178,2.0
3179,4.0
3180,2.0
3181,2.0
3182,2.0
3183,2.0
3184,2.0
3186,2.0
3187,2.0
3189,4.0
3190,2.0
3191,4.0
3192,2.0
3193,2.0
3194,2.0
3196,4.0
3197,2.0
3198,1.0
3199,4.0
3200,2.0
3201,1.0
3202,2.0
3203,4.0
3205,2.0
3206,2.0
3207,2.0
3208,2.0
3209,2.0
3210,4.0
3211,2.0
3212,2.0
3213,2.0
3214,2.0
3215,1.0
3216,2.0
3217,2.0
3218,2.0
3219,2.0
3220,2.0
3221,2.0
3222,2.0
3223,4.0
3224,2.0
3225,1.0
3227,2.0
3228,2.0
3229,1.0
3230,4.0
3231,2.0
3232,4.0
3233,4.0
3234,2.0
3235,4.0
3236,4.0
3237,1.0
3238,2.0
3239,1.0
3240,1.0
3241,4.0
3243,1.0
3244,2.0
3245,1.0
3246,2.0
3247,2.0
3248,2.0
3249,2.0
3250,4.0
3251,1.0
3252,2.0
3253,2.0
3254,2.0
3255,2.0
3256,2.0
3257,2.0
3258,2.0
3259,2.0
3260,2.0
3261,2.0
3262,2.0
3263,1.0
3264,2.0
3265,2.0
3266,2.0
3267,2.0
3269,1.0
3271,2.0
3272,2.0
3273,1.0
3274,2.0
3275,2.0
3276,2.0
3277,2.0
3278,2.0
3279,4.0
3280,2.0
3281,2.0
3282,2.0
3283,1.0
3284,4.0
3285,2.0
3286,1.0
3287,1.0
3288,1.0
3289,2.0
3290,2.0
3291,1.0
3292,1.0
3293,4.0
3294,2.0
3295,1.0
3297,4.0
3298,4.0
3299,1.0
3300,2.0
3301,4.0
3302,2.0
3303,2.0
3304,4.0
3305,4.0
3306,2.0
3307,2.0
3309,2.0
3310,4.0
3311,2.0
3312,1.0
3313,4.0
3314,1.0
3315,2.0
3316,1.0
3318,1.0
3319,2.0
3320,2.0
3321,2.0
3322,4.0
3323,2.0
3324,2.0
3326,4.0
3327,2.0
3328,2.0
3329,2.0
3330,4.0
3331,2.0
3332,2.0
3333,4.0
3334,2.0
3335,2.0
3336,2.0
3337,4.0
3338,4.0
3339,1.0
3340,1.0
3341,2.0
3342,1.0
3343,2.0
3345,2.0
3346,2.0
3347,2.0
3348,1.0
3349,4.0
3351,1.0
3352,1.0
3353,4.0
3354,2.0
3355,2.0
3356,2.0
3357,2.0
3358,1.0
3359,2.0
3360,4.0
3361,2.0
3362,2.0
3363,2.0
3364,4.0
3365,2.0
3366,2.0
3367,2.0
3368,2.0
3369,2.0
3370,1.0
3371,2.0
3372,2.0
3373,2.0
3374,2.0
3375,1.0
3376,4.0
3377,2.0
3378,2.0
3379,2.0
3380,2.0
3381,1.0
3383,2.0
3384,2.0
3385,2.0
3386,2.0
3387,4.0
3388,1.0
3389,4.0
3390,1.0
3391,1.0
3392,2.0
3393,1.0
3394,4.0
3395,1.0
3396,2.0
3397,2.0
3398,1.0
3399,2.0
3401,2.0
3402,2.0
3403,1.0
3404,2.0
3405,2.0
3406,1.0
3407,4.0
3408,2.0
3409,2.0
3410,4.0
3411,2.0
3412,2.0
3413,2.0
3414,2.0
3415,4.0
3416,2.0
3417,2.0
3418,2.0
3419,2.0
3420,2.0
3422,2.0
3423,2.0
3424,1.0
3425,2.0
3426,2.0
3427,2.0
3428,2.0
3429,2.0
3430,2.0
3431,2.0
3433,1.0
3434,4.0
3435,2.0
3436,1.0
3437,2.0
3439,1.0
3440,2.0
3441,4.0
3442,1.0
3443,2.0
3444,4.0
3445,2.0
3446,2.0
3447,4.0
3448,2.0
3449,1.0
3450,2.0
3451,2.0
3452,2.0
3453,2.0
3454,2.0
3455,1.0
3456,2.0
3457,2.0
3458,2.0
3459,2.0
3461,2.0
3462,1.0
3463,2.0
3464,2.0
3465,2.0
3466,2.0
3467,2.0
3468,2.0
3469,2.0
3470,4.0
3471,2.0
3472,4.0
3473,1.0
3474,2.0
3475,2.0
3476,2.0
3477,1.0
3478,2.0
3479,2.0
3480,1.0
3481,2.0
3482,2.0
3483,1.0
3484,2.0
3485,2.0
3486,4.0
3487,2.0
3488,1.0
3489,1.0
3490,2.0
3491,2.0
3492,4.0
3493,4.0
3494,2.0
3495,2.0
3496,1.0
3497,2.0
3498,2.0
3499,4.0
3500,2.0
3501,2.0
3502,4.0
3503,2.0
3504,2.0
3505,2.0
3506,2.0
3507,4.0
3510,2.0
3512,4.0
3513,4.0
3514,2.0
3516,4.0
3518,4.0
3519,4.0
3520,2.0
3521,4.0
3522,4.0
3523,2.0
3524,4.0
3525,2.0
3526,2.0
3527,2.0
3528,2.0
3529,1.0
3530,4.0
3532,2.0
3533,4.0
3534,4.0
3535,2.0
3536,1.0
3537,1.0
3538,2.0
3539,1.0
3540,2.0
3541,2.0
3542,4.0
3543,4.0
3544,2.0
3545,1.0
3546,4.0
3547,4.0
3548,2.0
3549,2.0
3550,2.0
3551,1.0
3552,2.0
3553,2.0
3554,4.0
3555,4.0
3556,2.0
3557,4.0
3558,2.0
3559,2.0
3560,4.0
3561,4.0
3562,1.0
3563,2.0
3564,1.0
3565,4.0
3566,4.0
3567,2.0
3568,2.0
3569,2.0
3570,4.0
3571,1.0
3572,2.0
3573,4.0
3574,1.0
3575,2.0
3576,2.0
3577,2.0
3578,2.0
3579,2.0
3581,1.0
3582,2.0
3583,2.0
3584,4.0
3585,2.0
3587,4.0
3589,2.0
3590,4.0
3591,2.0
3593,2.0
3594,4.0
3595,2.0
3596,2.0
3597,1.0
3598,1.0
3599,4.0
3600,2.0
3602,1.0
3603,2.0
3604,2.0
3606,2.0
3607,4.0
3608,4.0
3609,1.0
3610,2.0
3611,1.0
3612,2.0
3613,2.0
3614,2.0
3615,2.0
3616,4.0
3617,1.0
3618,2.0
3619,2.0
3620,4.0
3621,1.0
3622,4.0
3623,4.0
3624,2.0
3625,2.0
3626,2.0
3628,2.0
3629,2.0
3630,2.0
3631,2.0
3632,2.0
3634,2.0
3635,2.0
3636,1.0
3637,2.0
3638,2.0
3639,2.0
3640,1.0
3641,2.0
3642,1.0
3643,2.0
3644,2.0
3645,4.0
3646,2.0
3647,1.0
3648,2.0
3649,2.0
3650,2.0
3651,4.0
3652,2.0
3653,2.0
3654,1.0
3655,1.0
3656,4.0
3657,2.0
3658,2.0
3659,4.0
3660,2.0
3661,1.0
3662,2.0
3663,1.0
3664,2.0
3665,2.0
3666,1.0
3667,2.0
3668,2.0
3669,2.0
3670,2.0
3671,2.0
3672,2.0
3673,1.0
3674,1.0
3675,2.0
3676,1.0
3677,4.0
3678,2.0
3679,1.0
3680,2.0
3681,4.0
3682,1.0
3683,2.0
3685,2.0
3686,2.0
3687,4.0
3688,2.0
3690,2.0
3691,2.0
3692,4.0
3693,1.0
3694,2.0
3695,4.0
3696,2.0
3697,2.0
3698,2.0
3699,4.0
3700,2.0
3701,2.0
3702,2.0
3703,2.0
3704,4.0
3705,2.0
3706,1.0
3707,1.0
3708,2.0
3709,2.0
3710,1.0
3711,4.0
3712,2.0
3713,2.0
3714,2.0
3715,2.0
3717,4.0
3719,2.0
3720,4.0
3722,4.0
3723,1.0
3724,2.0
3725,1.0
3726,2.0
3727,2.0
3728,4.0
3729,1.0
3730,1.0
3731,2.0
3732,4.0
3733,2.0
3734,1.0
3735,2.0
3736,2.0
3737,2.0
3738,2.0
3739,2.0
3740,4.0
3742,4.0
3743,1.0
3744,2.0
3745,4.0
3746,1.0
3747,1.0
3748,4.0
3749,4.0
3750,2.0
3751,2.0
3752,1.0
3753,4.0
3754,2.0
3755,2.0
3756,2.0
3757,1.0
3758,2.0
3759,4.0
3760,1.0
3761,2.0
3762,1.0
3763,2.0
3764,2.0
3765,2.0
3766,1.0
3767,2.0
3768,2.0
3769,2.0
3770,2.0
3771,2.0
3772,2.0
3773,1.0
3774,1.0
3775,4.0
3776,2.0
3777,2.0
3778,2.0
3779,1.0
3780,4.0
3781,2.0
3782,2.0
3783,4.0
3784,1.0
3785,1.0
3786,1.0
3787,1.0
3788,2.0
3789,2.0
3790,1.0
3791,1.0
3792,2.0
3793,2.0
3794,2.0
3795,4.0
3796,1.0
3798,2.0
3799,2.0
3800,2.0
3801,4.0
3802,1.0
3803,2.0
3804,2.0
3805,4.0
3806,2.0
3807,1.0
3808,4.0
3809,1.0
3810,4.0
3811,2.0
3813,4.0
3814,4.0
3815,4.0
3817,2.0
3818,2.0
3819,2.0
3820,2.0
3821,1.0
3822,2.0
3823,2.0
3824,4.0
3825,2.0
3826,4.0
3827,4.0
3828,1.0
3829,1.0
3830,2.0
3831,2.0
3832,2.0
3833,2.0
3834,2.0
3835,1.0
3836,2.0
3837,4.0
3838,2.0
3839,4.0
3840,2.0
3841,2.0
3842,2.0
3843,2.0
3844,1.0
3845,1.0
3846,2.0
3847,2.0
3848,2.0
3849,4.0
3850,2.0
3851,2.0
3852,1.0
3853,2.0
3854,4.0
3855,1.0
3856,2.0
3857,1.0
3859,4.0
3861,1.0
3862,4.0
3865,2.0
3866,2.0
3867,2.0
3868,2.0
3869,2.0
3870,4.0
3871,1.0
3872,2.0
3873,4.0
3874,1.0
3875,2.0
3876,2.0
3877,4.0
3878,4.0
3880,2.0
3881,2.0
3882,4.0
3883,4.0
3884,1.0
3885,2.0
3886,2.0
3887,2.0
3888,1.0
3889,1.0
3890,2.0
3891,4.0
3892,2.0
3894,2.0
3895,4.0
3896,2.0
3897,4.0
3898,1.0
3899,2.0
3900,1.0
3901,2.0
3902,4.0
3903,2.0
3904,2.0
3905,2.0
3906,2.0
3907,2.0
3908,2.0
3909,2.0
3910,2.0
3911,2.0
3913,1.0
3914,2.0
3915,2.0
3916,2.0
3917,4.0
3918,2.0
3919,1.0
3920,2.0
3921,2.0
3922,2.0
3923,4.0
3924,4.0
3925,4.0
3926,2.0
3927,4.0
3928,4.0
3929,2.0
3930,2.0
3931,2.0
3932,4.0
3933,2.0
3934,2.0
3935,4.0
3936,1.0
3937,1.0
3938,2.0
3939,2.0
3940,2.0
3941,4.0
3942,1.0
3943,2.0
3944,2.0
3945,2.0
3946,1.0
3947,2.0
3948,2.0
3949,1.0
3950,2.0
3951,1.0
3952,1.0
3953,2.0
3954,4.0
3955,1.0
3956,4.0
3957,2.0
3958,1.0
3959,2.0
3960,1.0
3961,2.0
3962,2.0
3963,2.0
3964,1.0
3965,2.0
3966,1.0
3967,2.0
3969,4.0
3970,1.0
3971,4.0
3972,2.0
3973,2.0
3974,1.0
3975,2.0
3977,2.0
3978,2.0
3979,1.0
3980,1.0
3981,1.0
3982,1.0
3983,4.0
3984,2.0
3985,2.0
3986,2.0
3987,4.0
3988,1.0
3989,2.0
3990,2.0
3991,2.0
3992,4.0
3993,2.0
3995,2.0
3996,4.0
3997,4.0
3998,4.0
4000,1.0
4001,2.0
4002,4.0
4003,4.0
4004,4.0
4005,2.0
4006,4.0
4007,4.0
4008,1.0
4009,2.0
4010,2.0
4011,1.0
4012,2.0
4013,4.0
4014,2.0
4015,1.0
4016,2.0
4017,1.0
4018,2.0
4019,1.0
4020,2.0
4021,4.0
4023,2.0
4024,2.0
4025,2.0
4026,1.0
4027,2.0
4028,1.0
4029,2.0
4030,2.0
4031,2.0
4032,1.0
4033,2.0
4034,1.0
4035,2.0
4036,2.0
4037,2.0
4038,2.0
4039,2.0
4040,2.0
4042,2.0
4043,1.0
4044,4.0
4045,4.0
4046,4.0
4047,2.0
4048,1.0
4049,2.0
4050,4.0
4051,2.0
4052,2.0
4053,4.0
4054,2.0
4056,4.0
4057,4.0
4058,2.0
4059,1.0
4061,4.0
4062,1.0
4063,2.0
4064,2.0
4065,2.0
4066,2.0
4067,2.0
4068,2.0
4069,2.0
4070,2.0
4072,2.0
4073,2.0
4074,4.0
4075,4.0
4077,2.0
4078,2.0
4079,2.0
4080,1.0
4081,2.0
4082,2.0
4083,1.0
4084,1.0
4086,1.0
4087,4.0
4088,1.0
4089,2.0
4090,2.0
4091,2.0
4092,2.0
4094,4.0
4095,4.0
4096,4.0
4098,2.0
4099,4.0
4100,2.0
4102,1.0
4103,4.0
4104,2.0
4105,2.0
4106,4.0
4107,2.0
4108,2.0
4109,2.0
4110,2.0
4111,1.0
4112,2.0
4113,1.0
4114,2.0
4115,2.0
4116,1.0
4117,2.0
4119,2.0
4120,4.0
4121,2.0
4122,2.0
4123,4.0
4124,4.0
4125,1.0
4126,4.0
4127,2.0
4128,4.0
4129,2.0
4130,2.0
4131,2.0
4132,1.0
4133,1.0
4134,2.0
4135,1.0
4136,2.0
4137,4.0
4138,2.0
4139,1.0
4140,2.0
4141,2.0
4142,4.0
4143,2.0
4144,4.0
4145,1.0
4146,4.0
4147,2.0
4149,1.0
4150,2.0
4151,2.0
4152,2.0
4153,2.0
4154,4.0
4155,4.0
4156,2.0
4157,4.0
4158,2.0
4159,1.0
4160,4.0
4161,2.0
4162,2.0
4163,4.0
4164,2.0
4165,4.0
4166,4.0
4167,4.0
4168,2.0
4169,2.0
4170,4.0
4171,2.0
4172,2.0
4173,2.0
4174,4.0
4175,2.0
4176,2.0
4177,2.0
4178,4.0
4179,2.0
4180,4.0
4181,2.0
4182,2.0
4183,2.0
4184,4.0
4185,1.0
4186,2.0
4187,2.0
4188,4.0
4189,2.0
4190,2.0
4191,4.0
4192,1.0
4193,2.0
4194,2.0
4195,2.0
4196,4.0
4197,2.0
4198,2.0
4200,1.0
4201,2.0
4202,1.0
4203,2.0
4204,1.0
4205,2.0
4206,2.0
4207,2.0
4208,4.0
4209,4.0
4210,1.0
4211,4.0
4212,2.0
4213,4.0
4214,2.0
4215,2.0
4216,2.0
4217,2.0
4218,2.0
4219,2.0
4220,4.0
4221,2.0
4222,2.0
4223,1.0
4224,4.0
4225,4.0
4226,1.0
4227,2.0
4228,2.0
4229,2.0
4230,2.0
4231,4.0
4232,4.0
4233,2.0
4234,4.0
4235,2.0
4236,2.0
4237,4.0
4238,4.0
4239,1.0
4240,4.0
4241,4.0
4242,4.0
4243,2.0
4244,2.0
4245,2.0
4247,1.0
4248,2.0
4249,2.0
4250,2.0
4251,2.0
4252,4.0
4253,2.0
4254,1.0
4255,2.0
4256,2.0
4257,4.0
4258,4.0
4259,2.0
4260,2.0
4261,2.0
4262,2.0
4263,4.0
4264,2.0
4265,2.0
4266,2.0
4267,4.0
4268,2.0
4269,2.0
4270,2.0
4271,2.0
4272,1.0
4273,1.0
4274,1.0
4275,2.0
4276,2.0
4277,2.0
4278,2.0
4279,2.0
4280,2.0
4281,4.0
4282,4.0
4283,4.0
4285,4.0
4286,2.0
4287,1.0
4289,2.0
4290,2.0
4291,1.0
4292,2.0
4293,2.0
4294,2.0
4296,2.0
4297,2.0
4298,2.0
4299,1.0
4300,4.0
4301,4.0
4302,1.0
4303,4.0
4304,2.0
4305,2.0
4306,2.0
4308,2.0
4309,2.0
4310,1.0
4311,2.0
4312,1.0
4313,2.0
4314,4.0
4315,2.0
4316,2.0
4317,1.0
4318,2.0
4319,2.0
4320,1.0
4321,2.0
4322,2.0
4323,2.0
4324,2.0
4325,2.0
4326,4.0
4327,2.0
4328,1.0
4329,2.0
4330,1.0
4331,4.0
4332,2.0
4333,2.0
4334,4.0
4335,2.0
4336,1.0
4337,4.0
4338,2.0
4339,2.0
4341,1.0
4342,4.0
4343,2.0
4344,2.0
4345,4.0
4346,2.0
4347,2.0
4348,4.0
4350,4.0
4351,1.0
4352,2.0
4353,4.0
4354,1.0
4355,2.0
4356,1.0
4357,4.0
4358,2.0
4359,4.0
4360,4.0
4361,1.0
4362,2.0
4363,1.0
4364,1.0
4365,2.0
4366,4.0
4367,2.0
4368,2.0
4369,1.0
4370,4.0
4371,2.0
4372,1.0
4373,2.0
4374,2.0
4375,2.0
4376,2.0
4377,1.0
4378,2.0
4379,2.0
4381,1.0
4382,4.0
4383,1.0
4384,2.0
4385,2.0
4386,1.0
4387,1.0
4388,4.0
4389,4.0
4390,2.0
4391,2.0
4392,2.0
4393,4.0
4394,2.0
4395,4.0
4396,4.0
4397,2.0
4398,2.0
4399,2.0
4400,2.0
4401,2.0
4402,2.0
4403,4.0
4404,2.0
4405,1.0
4406,2.0
4407,4.0
4409,2.0
4410,2.0
4411,2.0
4412,4.0
4413,2.0
4414,1.0
4416,2.0
4417,2.0
4418,2.0
4419,1.0
4420,2.0
4421,2.0
4422,1.0
4423,2.0
4424,2.0
4425,2.0
4426,1.0
4427,2.0
4428,1.0
4429,2.0
4430,2.0
4431,2.0
4432,2.0
4433,1.0
4434,4.0
4435,4.0
4436,4.0
4437,2.0
4438,2.0
4439,2.0
4440,2.0
4441,4.0
4442,1.0
4445,2.0
4446,2.0
4447,4.0
4448,2.0
4449,2.0
4450,1.0
4451,4.0
4452,2.0
4453,4.0
4454,2.0
4455,2.0
4456,1.0
4457,1.0
4458,2.0
4459,1.0
4460,2.0
4461,4.0
4462,4.0
4463,2.0
4464,2.0
4465,2.0
4466,4.0
4467,4.0
4468,1.0
4469,2.0
4470,4.0
4471,2.0
4472,1.0
4473,4.0
4474,2.0
4477,4.0
4478,1.0
4479,1.0
4480,1.0
4481,2.0
4482,2.0
4483,2.0
4484,4.0
4485,1.0
4486,2.0
4487,2.0
4488,2.0
4489,1.0
4490,2.0
4492,2.0
4494,2.0
4495,4.0
4496,4.0
4497,2.0
4498,2.0
4499,2.0
4500,1.0
4501,2.0
4502,2.0
4503,4.0
4504,4.0
4505,2.0
4506,2.0
4507,2.0
4508,4.0
4509,2.0
4510,2.0
4511,4.0
4512,2.0
4513,4.0
4514,2.0
4515,4.0
4517,4.0
4518,2.0
4519,4.0
4520,2.0
4521,2.0
4522,2.0
4523,4.0
4524,2.0
4525,1.0
4526,2.0
4527,2.0
4528,1.0
4529,1.0
4530,4.0
4531,4.0
4532,2.0
4533,1.0
4534,2.0
4535,1.0
4536,2.0
4537,4.0
4538,4.0
4539,2.0
4540,4.0
4541,2.0
4542,4.0
4543,4.0
4544,2.0
4545,1.0
4546,2.0
4547,4.0
4548,2.0
4550,1.0
4551,2.0
4552,2.0
4553,2.0
4554,4.0
4556,4.0
4557,4.0
4558,2.0
4559,2.0
4560,2.0
4561,2.0
4562,2.0
4564,2.0
4565,2.0
4566,2.0
4567,4.0
4568,2.0
4569,1.0
4570,2.0
4571,2.0
4572,2.0
4573,1.0
4574,2.0
4575,4.0
4576,4.0
4577,2.0
4578,2.0
4579,4.0
4580,4.0
4581,2.0
4582,1.0
4583,4.0
4584,1.0
4585,2.0
4586,4.0
4587,1.0
4588,2.0
4589,2.0
4591,4.0
4592,2.0
4593,1.0
4594,4.0
4595,2.0
4596,2.0
4597,2.0
4598,2.0
4599,4.0
4600,4.0
4601,1.0
4602,4.0
4604,2.0
4605,2.0
4606,4.0
4607,2.0
4608,2.0
4609,2.0
4610,4.0
4611,2.0
4613,2.0
4614,4.0
4615,4.0
4616,1.0
4617,4.0
4618,2.0
4619,1.0
4620,2.0
4621,1.0
4622,1.0
4623,2.0
4624,1.0
4625,4.0
4626,2.0
4627,4.0
4628,4.0
4629,4.0
4630,2.0
4631,2.0
4632,2.0
4633,1.0
4634,2.0
4635,2.0
4636,4.0
4637,2.0
4638,4.0
4639,2.0
4640,4.0
4641,2.0
4642,4.0
4643,2.0
4644,4.0
4645,4.0
4646,4.0
4647,4.0
4649,4.0
4650,2.0
4651,1.0
4652,2.0
4653,1.0
4654,2.0
4655,1.0
4656,2.0
4657,1.0
4658,2.0
4659,1.0
4660,1.0
4661,1.0
4662,2.0
4663,1.0
4664,2.0
4665,2.0
4666,2.0
4668,2.0
4669,1.0
4670,2.0
4671,2.0
4672,4.0
4673,1.0
4674,4.0
4675,4.0
4676,2.0
4677,2.0
4678,2.0
4679,2.0
4680,2.0
4681,2.0
4682,4.0
4683,1.0
4684,1.0
4685,1.0
4686,2.0
4687,4.0
4688,2.0
4689,2.0
4690,2.0
4691,2.0
4692,2.0
4693,4.0
4694,4.0
4695,2.0
4696,2.0
4697,4.0
4698,2.0
4699,2.0
4700,4.0
4701,1.0
4702,4.0
4703,4.0
4704,2.0
4705,2.0
4706,2.0
4707,2.0
4708,2.0
4709,2.0
4710,4.0
4711,2.0
4712,2.0
4713,2.0
4714,4.0
4715,2.0
4716,4.0
4717,4.0
4718,4.0
4719,2.0
4720,4.0
4721,1.0
4722,2.0
4723,4.0
4724,2.0
4725,1.0
4726,1.0
4727,2.0
4728,2.0
4729,2.0
4730,4.0
4731,2.0
4732,2.0
4733,2.0
4734,4.0
4735,2.0
4736,1.0
4737,2.0
4738,2.0
4739,1.0
4740,2.0
4742,2.0
4743,2.0
4744,2.0
4745,2.0
4746,2.0
4747,2.0
4748,4.0
4749,2.0
4750,2.0
4751,2.0
4752,2.0
4753,2.0
4754,4.0
4755,4.0
4756,2.0
4757,1.0
4758,2.0
4759,4.0
4760,2.0
4761,4.0
4763,2.0
4764,2.0
4765,2.0
4766,2.0
4768,4.0
4769,2.0
4770,2.0
4771,2.0
4772,1.0
4773,2.0
4774,2.0
4775,1.0
4776,1.0
4777,4.0
4778,2.0
4779,4.0
4780,4.0
4781,2.0
4782,2.0
4783,2.0
4784,2.0
4785,2.0
4786,4.0
4787,2.0
4788,2.0
4789,4.0
4790,4.0
4791,2.0
4792,2.0
4793,4.0
4794,4.0
4795,2.0
4796,4.0
4797,2.0
4798,2.0
4799,4.0
4800,2.0
4801,2.0
4802,4.0
4803,2.0
4804,2.0
4805,2.0
4806,2.0
4807,2.0
4808,2.0
4809,4.0
4810,1.0
4811,4.0
4812,2.0
4813,2.0
4814,2.0
4815,2.0
4816,4.0
4817,2.0
4818,2.0
4819,2.0
4820,1.0
4821,1.0
4822,1.0
4823,2.0
4825,2.0
4826,1.0
4827,2.0
4828,4.0
4829,2.0
4830,2.0
4831,2.0
4832,4.0
4833,1.0
4835,2.0
4836,2.0
4837,2.0
4838,4.0
4839,2.0
4840,2.0
4841,2.0
4842,2.0
4843,2.0
4844,2.0
4845,1.0
4846,1.0
4847,4.0
4848,2.0
4849,2.0
4850,2.0
4851,2.0
4852,4.0
4853,4.0
4854,2.0
4855,4.0
4856,1.0
4857,1.0
4858,4.0
4859,4.0
4860,1.0
4861,2.0
4862,1.0
4863,4.0
4864,2.0
4865,1.0
4866,4.0
4867,2.0
4868,2.0
4869,1.0
4870,2.0
4871,2.0
4872,4.0
4873,1.0
4874,1.0
4875,2.0
4876,2.0
4877,1.0
4878,2.0
4879,2.0
4880,2.0
4881,2.0
4882,1.0
4883,4.0
4884,2.0
4885,1.0
4886,2.0
4887,4.0
4888,2.0
4889,2.0
4890,2.0
4891,4.0
4892,2.0
4894,2.0
4895,2.0
4896,2.0
4897,2.0
4898,2.0
4899,1.0
4900,1.0
4901,1.0
4902,2.0
4903,1.0
4904,1.0
4905,4.0
4906,2.0
4907,4.0
4908,4.0
4909,1.0
4910,2.0
4911,2.0
4912,4.0
4913,2.0
4915,2.0
4916,2.0
4917,2.0
4918,2.0
4919,4.0
4920,1.0
4921,2.0
4922,4.0
4923,2.0
4924,2.0
4925,1.0
4926,4.0
4927,2.0
4928,4.0
4929,4.0
4930,4.0
4931,1.0
4932,4.0
4933,4.0
4934,1.0
4935,4.0
4936,4.0
4937,4.0
4938,4.0
4939,2.0
4941,2.0
4942,2.0
4943,1.0
4944,2.0
4945,1.0
4946,2.0
4947,4.0
4948,2.0
4949,4.0
4950,2.0
4951,1.0
4952,2.0
4953,1.0
4954,2.0
4955,2.0
4956,1.0
4957,4.0
4958,1.0
4960,1.0
4961,1.0
4962,2.0
4963,1.0
4964,4.0
4965,2.0
4966,4.0
4967,4.0
4968,2.0
4969,2.0
4970,4.0
4971,2.0
4972,2.0
4973,4.0
4974,1.0
4975,1.0
4976,1.0
4978,4.0
4980,2.0
4981,2.0
4982,2.0
4983,1.0
4984,2.0
4985,4.0
4986,4.0
4987,1.0
4988,2.0
4989,4.0
4990,2.0
4991,2.0
4992,1.0
4993,2.0
4994,4.0
4995,2.0
4996,2.0
4997,2.0
4998,2.0
5000,1.0
5001,4.0
5002,2.0
5003,4.0
5004,1.0
5005,2.0
5006,4.0
5007,2.0
5008,2.0
5009,4.0
5010,4.0
5011,2.0
5012,2.0
5013,4.0
5014,2.0
5015,4.0
5016,2.0
5017,2.0
5018,4.0
5019,2.0
5020,2.0
5021,1.0
5022,1.0
5023,1.0
5024,2.0
5025,2.0
5026,2.0
5027,4.0
5028,1.0
5029,2.0
5030,4.0
5031,1.0
5032,4.0
5033,1.0
5035,2.0
5036,4.0
5038,4.0
5039,4.0
5040,2.0
5041,4.0
5042,2.0
5043,2.0
5044,2.0
5045,1.0
5046,2.0
5047,2.0
5049,4.0
5050,4.0
5051,2.0
5052,4.0
5053,4.0
5054,2.0
5055,2.0
5056,4.0
5057,2.0
5058,2.0
5059,2.0
5060,1.0
5061,2.0
5064,2.0
5065,2.0
5066,2.0
5067,2.0
5068,1.0
5069,4.0
5070,1.0
5071,2.0
5072,2.0
5073,2.0
5074,2.0
5075,1.0
5076,2.0
5077,2.0
5078,4.0
5079,4.0
5080,4.0
5081,4.0
5082,2.0
5083,2.0
5084,2.0
5085,2.0
5086,2.0
5088,1.0
5089,1.0
5090,2.0
5091,1.0
5092,2.0
5093,2.0
5094,4.0
5095,2.0
5096,4.0
5097,1.0
5098,1.0
5099,4.0
5100,2.0
5101,4.0
5102,2.0
5103,2.0
5104,2.0
5105,1.0
5106,1.0
5107,2.0
5108,2.0
5109,4.0
5110,1.0
5111,2.0
5112,1.0
5113,1.0
5114,4.0
5115,2.0
5116,4.0
5117,2.0
5118,2.0
5119,2.0
5120,4.0
5121,1.0
5122,4.0
5123,1.0
5124,2.0
5125,2.0
5126,2.0
5127,4.0
5128,2.0
5129,2.0
5130,2.0
5131,2.0
5132,1.0
5133,2.0
5134,2.0
5135,4.0
5136,1.0
5137,2.0
5138,2.0
5139,2.0
5140,2.0
5141,2.0
5142,2.0
5143,4.0
5144,1.0
5145,2.0
5146,2.0
5147,2.0
5148,2.0
5149,2.0
5150,4.0
5151,2.0
5152,2.0
5153,2.0
5154,1.0
5155,4.0
5156,2.0
5157,2.0
5158,1.0
5159,1.0
5160,2.0
5161,2.0
5162,4.0
5163,4.0
5164,2.0
5165,2.0
5166,2.0
5167,2.0
5168,2.0
5169,1.0
5170,2.0
5171,2.0
5172,4.0
5173,2.0
5175,2.0
5176,4.0
5177,2.0
5178,4.0
5179,2.0
5180,2.0
5181,2.0
5182,2.0
5183,4.0
5184,2.0
5185,2.0
5186,2.0
5187,2.0
5188,1.0
5189,2.0
5190,2.0
5191,2.0
5192,1.0
5194,2.0
5195,2.0
5196,4.0
5197,2.0
5198,2.0
5199,2.0
5200,4.0
5201,2.0
5202,4.0
5203,2.0
5204,4.0
5205,2.0
5206,4.0
5207,4.0
5208,4.0
5209,2.0
5210,4.0
5211,2.0
5212,2.0
5213,1.0
5214,2.0
5215,2.0
5216,2.0
5217,1.0
5218,2.0
5219,1.0
5220,2.0
5221,4.0
5222,2.0
5223,4.0
5224,2.0
5225,1.0
5226,1.0
5227,1.0
5228,2.0
5229,4.0
5230,2.0
5231,4.0
5232,2.0
5233,2.0
5234,2.0
5235,2.0
5236,1.0
5237,4.0
5239,2.0
5240,2.0
5242,2.0
5243,2.0
5244,2.0
5245,1.0
5246,2.0
5248,2.0
5249,1.0
5250,2.0
5251,2.0
5252,2.0
5253,4.0
5254,2.0
5255,1.0
5256,4.0
5257,4.0
5258,2.0
5259,4.0
5260,2.0
5261,2.0
5262,2.0
5263,2.0
5264,2.0
5265,4.0
5266,4.0
5267,1.0
5268,2.0
5269,2.0
5270,4.0
5271,2.0
5272,2.0
5274,2.0
5275,2.0
5276,4.0
5277,2.0
5278,2.0
5279,2.0
5280,4.0
5281,2.0
5282,2.0
5283,1.0
5284,4.0
5285,2.0
5286,2.0
5287,2.0
5288,4.0
5289,2.0
5290,2.0
5291,2.0
5292,2.0
5293,2.0
5294,4.0
5295,2.0
5296,4.0
5297,2.0
5298,2.0
5299,2.0
5300,2.0
5301,4.0
5302,2.0
5303,1.0
5304,2.0
5305,2.0
5306,1.0
5307,2.0
5308,2.0
5309,2.0
5310,4.0
5311,2.0
5312,4.0
5313,4.0
5314,1.0
5316,2.0
5317,1.0
5318,2.0
5319,2.0
5320,2.0
5321,2.0
5322,4.0
5323,2.0
5324,2.0
5327,4.0
5328,2.0
5329,4.0
5330,2.0
5331,2.0
5332,4.0
5333,2.0
5334,4.0
5335,2.0
5336,2.0
5337,2.0
5338,4.0
5340,2.0
5341,1.0
5342,2.0
5343,2.0
5344,4.0
5345,1.0
5346,2.0
5347,4.0
5348,2.0
5349,2.0
5350,4.0
5351,2.0
5352,4.0
5353,4.0
5354,2.0
5355,4.0
5356,4.0
5357,1.0
5358,4.0
5359,2.0
5360,1.0
5362,2.0
5363,1.0
5364,2.0
5365,2.0
5367,1.0
5368,4.0
5369,1.0
5370,4.0
5371,4.0
5372,2.0
5374,2.0
5375,2.0
5376,2.0
5377,1.0
5378,2.0
5380,2.0
5381,4.0
5382,2.0
5383,4.0
5384,2.0
5385,2.0
5386,2.0
5387,4.0
5388,2.0
5389,4.0
5390,2.0
5391,2.0
5392,2.0
5393,1.0
5394,1.0
5395,1.0
5396,2.0
5397,2.0
5398,4.0
5399,2.0
5400,2.0
5401,1.0
5402,2.0
5403,4.0
5404,2.0
5405,2.0
5406,4.0
5407,2.0
5408,4.0
5409,2.0
5412,2.0
5413,2.0
5414,2.0
5415,1.0
5416,2.0
5417,4.0
5418,2.0
5419,2.0
5420,2.0
5421,1.0
5422,2.0
5423,4.0
5424,2.0
5425,2.0
5426,2.0
5427,2.0
5428,2.0
5429,4.0
5430,1.0
5431,2.0
5432,1.0
5433,2.0
5434,4.0
5435,2.0
5436,2.0
5437,2.0
5438,2.0
5439,2.0
5440,1.0
5441,2.0
5442,4.0
5443,4.0
5444,2.0
5445,2.0
5446,2.0
5447,4.0
5448,2.0
5449,2.0
5450,2.0
5451,2.0
5453,2.0
5454,2.0
5455,4.0
5456,2.0
5457,2.0
5458,2.0
5459,2.0
5460,2.0
5461,2.0
5462,2.0
5463,1.0
5464,4.0
5465,2.0
5466,2.0
5467,1.0
5468,1.0
5469,2.0
5470,2.0
5471,2.0
5472,2.0
5473,2.0
5474,1.0
5475,1.0
5476,1.0
5477,4.0
5478,2.0
5479,1.0
5480,2.0
5481,2.0
5482,2.0
5483,1.0
5484,1.0
5485,4.0
5486,4.0
5487,2.0
5488,2.0
5489,2.0
5490,4.0
5492,2.0
5493,2.0
5494,4.0
5495,2.0
5496,2.0
5497,2.0
5498,2.0
5499,4.0
5500,4.0
5501,2.0
5502,2.0
5503,2.0
5504,2.0
5505,1.0
5506,2.0
5507,4.0
5508,2.0
5509,4.0
5510,2.0
5511,2.0
5512,2.0
5513,1.0
5514,2.0
5515,2.0
5516,2.0
5517,2.0
5518,4.0
5519,2.0
5520,1.0
5521,2.0
5523,2.0
5524,1.0
5525,2.0
5526,2.0
5527,4.0
5528,4.0
5529,4.0
5530,4.0
5531,2.0
5532,2.0
5533,2.0
5534,2.0
5535,1.0
5536,2.0
5537,2.0
5538,4.0
5539,2.0
5540,1.0
5541,2.0
5542,1.0
5543,1.0
5544,2.0
5545,4.0
5546,2.0
5547,2.0
5548,2.0
5549,1.0
5550,2.0
5551,4.0
5552,4.0
5553,2.0
5554,2.0
5555,4.0
5556,4.0
5557,4.0
5558,4.0
5559,2.0
5560,2.0
5561,2.0
5562,4.0
5564,4.0
5565,2.0
5566,4.0
5567,2.0
5568,2.0
5569,2.0
5571,2.0
5572,2.0
5573,2.0
5574,4.0
5575,4.0
5576,1.0
5577,2.0
5578,1.0
5579,1.0
5580,1.0
5581,2.0
5582,1.0
5583,1.0
5584,2.0
5585,1.0
5586,2.0
5588,2.0
5589,2.0
5590,2.0
5591,4.0
5592,2.0
5595,4.0
5596,4.0
5597,2.0
5598,4.0
5599,4.0
5600,2.0
5601,2.0
5602,4.0
5603,4.0
5604,4.0
5605,2.0
5606,2.0
5607,2.0
5608,4.0
5609,1.0
5610,1.0
5611,2.0
5612,2.0
5613,2.0
5614,4.0
5615,2.0
5616,2.0
5617,2.0
5618,1.0
5619,4.0
5620,2.0
5621,1.0
5622,2.0
5623,2.0
5624,2.0
5625,2.0
5626,2.0
5627,4.0
5628,1.0
5629,2.0
5630,2.0
5631,2.0
5632,4.0
5633,4.0
5634,2.0
5635,2.0
5636,4.0
5637,2.0
5638,2.0
5639,4.0
5640,2.0
5641,2.0
5642,1.0
5643,4.0
5644,1.0
5645,2.0
5646,2.0
5647,1.0
5648,2.0
5649,4.0
5650,4.0
5651,1.0
5652,2.0
5653,2.0
5654,2.0
5656,1.0
5657,2.0
5658,1.0
5659,4.0
5661,2.0
5662,4.0
5663,2.0
5664,4.0
5665,4.0
5666,2.0
5667,2.0
5670,2.0
5671,2.0
5672,4.0
5673,4.0
5674,4.0
5675,1.0
5676,2.0
5677,2.0
5678,2.0
5679,4.0
5680,1.0
5681,4.0
5682,4.0
5684,1.0
5685,1.0
5686,2.0
5687,4.0
5688,2.0
5689,4.0
5690,2.0
5691,4.0
5692,1.0
5693,4.0
5694,2.0
5695,2.0
5696,1.0
5697,1.0
5698,1.0
5699,2.0
5700,2.0
5701,4.0
5702,2.0
5703,2.0
5704,4.0
5705,2.0
5706,1.0
5707,4.0
5708,1.0
5709,1.0
5710,2.0
5711,1.0
5713,1.0
5714,2.0
5715,2.0
5716,4.0
5717,1.0
5718,2.0
5719,4.0
5720,2.0
5721,2.0
5722,2.0
5723,2.0
5724,4.0
5725,1.0
5727,2.0
5728,2.0
5729,1.0
5730,2.0
5731,2.0
5732,2.0
5733,2.0
5734,4.0
5735,4.0
5736,1.0
5737,2.0
5738,2.0
5739,4.0
5740,2.0
5741,2.0
5742,4.0
5743,2.0
5744,4.0
5745,2.0
5746,2.0
5747,4.0
5748,2.0
5749,2.0
5750,4.0
5752,2.0
5753,4.0
5754,2.0
5755,2.0
5756,4.0
5757,2.0
5758,2.0
5759,2.0
5760,4.0
5761,1.0
5762,4.0
5763,2.0
5764,2.0
5765,4.0
5766,2.0
5768,2.0
5769,4.0
5770,4.0
5771,4.0
5772,1.0
5773,2.0
5774,1.0
5775,4.0
5776,2.0
5777,1.0
5778,4.0
5780,2.0
5781,2.0
5782,4.0
5783,4.0
5784,2.0
5785,2.0
5786,4.0
5787,2.0
5788,2.0
5789,1.0
5790,2.0
5791,1.0
5792,4.0
5793,2.0
5794,1.0
5795,2.0
5796,1.0
5798,4.0
5799,2.0
5800,2.0
5801,1.0
5802,2.0
5803,4.0
5804,2.0
5805,4.0
5806,2.0
5807,2.0
5808,2.0
5809,2.0
5810,2.0
5811,2.0
5812,1.0
5813,4.0
5815,2.0
5816,2.0
5818,4.0
5819,1.0
5820,4.0
5821,1.0
5822,1.0
5823,4.0
5824,2.0
5825,2.0
5826,4.0
5827,2.0
5828,2.0
5829,4.0
5830,2.0
5831,1.0
5833,2.0
5834,2.0
5835,2.0
5836,2.0
5837,2.0
5838,2.0
5840,2.0
5841,1.0
5842,4.0
5843,1.0
5844,2.0
5845,1.0
5846,4.0
5847,1.0
5848,1.0
5849,2.0
5850,1.0
5851,1.0
5852,2.0
5853,2.0
5854,1.0
5855,2.0
5856,2.0
5857,2.0
5858,1.0
5859,4.0
5861,2.0
5862,1.0
5863,2.0
5864,4.0
5865,2.0
5866,1.0
5867,2.0
5868,1.0
5870,1.0
5871,2.0
5872,2.0
5873,2.0
5874,4.0
5875,2.0
5876,4.0
5877,4.0
5878,1.0
5879,2.0
5881,2.0
5882,2.0
5883,2.0
5884,1.0
5885,2.0
5886,2.0
5887,4.0
5888,1.0
5889,2.0
5890,2.0
5891,2.0
5892,2.0
5893,1.0
5894,2.0
5895,2.0
5896,2.0
5897,2.0
5898,2.0
5900,2.0
5901,1.0
5902,4.0
5903,4.0
5904,1.0
5905,2.0
5906,2.0
5907,1.0
5908,4.0
5909,2.0
5910,1.0
5911,2.0
5912,2.0
5913,1.0
5914,2.0
5915,1.0
5916,2.0
5917,4.0
5918,2.0
5919,2.0
5921,1.0
5922,2.0
5923,2.0
5925,2.0
5926,1.0
5927,2.0
5928,2.0
5929,2.0
5930,1.0
5931,2.0
5932,1.0
5933,2.0
5934,2.0
5935,2.0
5936,1.0
5937,4.0
5938,2.0
5939,4.0
5940,4.0
5941,2.0
5942,2.0
5943,2.0
5944,1.0
5946,4.0
5947,2.0
5948,2.0
5949,2.0
5950,4.0
5951,4.0
5952,2.0
5953,2.0
5954,4.0
5955,1.0
5956,4.0
5957,4.0
5958,4.0
5959,2.0
5960,4.0
5961,2.0
5962,2.0
5963,4.0
5964,4.0
5965,1.0
5966,4.0
5967,2.0
5968,2.0
5969,2.0
5970,2.0
5971,2.0
5972,2.0
5973,2.0
5974,4.0
5976,2.0
5977,4.0
5978,2.0
5979,2.0
5980,2.0
5981,2.0
5982,2.0
5984,1.0
5985,1.0
5986,2.0
5987,2.0
5988,2.0
5989,2.0
5990,2.0
5991,1.0
5992,4.0
5993,4.0
5995,4.0
5996,1.0
5997,1.0
5998,4.0
5999,2.0
6000,2.0
6001,2.0
6002,2.0
6003,2.0
6004,2.0
6005,4.0
6006,4.0
6008,2.0
6009,4.0
6010,1.0
6011,2.0
6013,1.0
6014,2.0
6015,2.0
6016,2.0
6017,2.0
6018,4.0
6019,2.0
6020,1.0
6021,4.0
6022,4.0
6023,2.0
6024,4.0
6025,4.0
6026,2.0
6027,2.0
6028,2.0
6029,2.0
6031,1.0
6032,4.0
6033,4.0
6034,2.0
6035,2.0
6036,2.0
6037,2.0
6038,2.0
6039,2.0
6040,1.0
6041,4.0
6042,2.0
6043,2.0
6044,4.0
6045,2.0
6046,4.0
6047,2.0
6048,2.0
6050,2.0
6051,4.0
6052,1.0
6053,2.0
6054,2.0
6056,4.0
6057,2.0
6059,4.0
6060,4.0
6062,2.0
6063,1.0
6066,4.0
6067,2.0
6069,2.0
6070,2.0
6071,2.0
6072,2.0
6074,2.0
6075,1.0
6077,2.0
6078,2.0
6079,2.0
6080,4.0
6081,2.0
6083,1.0
6084,1.0
6085,4.0
6086,2.0
6087,2.0
6088,2.0
6089,1.0
6090,4.0
6091,2.0
6092,4.0
6093,2.0
6094,1.0
6095,1.0
6096,2.0
6097,2.0
6098,2.0
6099,2.0
6100,4.0
6101,2.0
6102,4.0
6104,1.0
6106,1.0
6107,2.0
6108,4.0
6109,2.0
6110,4.0
6111,2.0
6112,2.0
6113,2.0
6114,4.0
6115,2.0
6116,2.0
6117,2.0
6118,2.0
6119,4.0
6120,2.0
6121,1.0
6122,4.0
6123,2.0
6124,2.0
6125,4.0
6126,2.0
6127,1.0
6128,1.0
6129,1.0
6130,2.0
6131,4.0
6134,1.0
6135,4.0
6136,1.0
6137,4.0
6138,2.0
6139,4.0
6141,2.0
6142,2.0
6143,2.0
6144,1.0
6145,2.0
6146,1.0
6147,2.0
6148,2.0
6149,2.0
6150,4.0
6151,2.0
6152,2.0
6153,4.0
6154,4.0
6155,1.0
6156,4.0
6157,2.0
6158,2.0
6159,1.0
6160,2.0
6161,2.0
6162,2.0
6163,4.0
6164,4.0
6165,2.0
6166,1.0
6167,2.0
6168,1.0
6169,1.0
6170,1.0
6171,2.0
6172,2.0
6173,2.0
6174,4.0
6175,4.0
6176,1.0
6177,2.0
6179,1.0
6180,2.0
6181,1.0
6182,2.0
6183,2.0
6184,4.0
6185,1.0
6186,1.0
6187,2.0
6188,2.0
6189,4.0
6190,2.0
6191,2.0
6192,4.0
6193,4.0
6194,2.0
6195,2.0
6196,1.0
6197,2.0
6198,4.0
6200,4.0
6201,2.0
6203,1.0
6207,2.0
6208,1.0
6209,4.0
6210,1.0
6211,2.0
6212,4.0
6213,2.0
6214,1.0
6215,2.0
6216,1.0
6217,2.0
6218,2.0
6219,2.0
6220,2.0
6221,2.0
6222,2.0
6223,4.0
6224,2.0
6225,2.0
6226,2.0
6227,1.0
6228,2.0
6229,2.0
6230,2.0
6231,4.0
6232,2.0
6233,2.0
6234,2.0
6235,4.0
6236,2.0
6237,1.0
6238,1.0
6239,2.0
6240,2.0
6241,2.0
6242,2.0
6243,1.0
6244,2.0
6245,2.0
6246,2.0
6247,2.0
6248,2.0
6249,2.0
6250,1.0
6251,4.0
6252,4.0
6253,1.0
6254,2.0
6255,1.0
6256,2.0
6257,2.0
6258,2.0
6259,1.0
6260,1.0
6261,2.0
6262,1.0
6263,4.0
6264,2.0
6265,1.0
6266,2.0
6267,4.0
6268,2.0
6269,2.0
6270,4.0
6271,2.0
6272,1.0
6273,2.0
6274,1.0
6275,2.0
6276,4.0
6277,4.0
6278,2.0
6279,2.0
6280,2.0
6281,1.0
6282,2.0
6283,2.0
6284,1.0
6285,1.0
6286,1.0
6287,4.0
6288,1.0
6289,2.0
6290,4.0
6291,2.0
6292,2.0
6293,2.0
6295,2.0
6296,2.0
6297,2.0
6298,1.0
6299,4.0
6300,2.0
6301,4.0
6302,2.0
6303,2.0
6304,2.0
6305,4.0
6307,4.0
6308,2.0
6309,2.0
6310,1.0
6311,2.0
6312,4.0
6313,2.0
6314,4.0
6315,1.0
6316,2.0
6317,1.0
6318,2.0
6319,4.0
6321,4.0
6322,4.0
6323,2.0
6324,2.0
6325,1.0
6326,2.0
6327,4.0
6328,4.0
6329,2.0
6330,2.0
6331,4.0
6332,1.0
6333,4.0
6334,2.0
6335,2.0
6336,1.0
6338,4.0
6339,4.0
6340,2.0
6341,2.0
6342,2.0
6344,2.0
6345,2.0
6346,4.0
6347,1.0
6348,4.0
6349,1.0
6350,4.0
6351,1.0
6352,4.0
6353,2.0
6354,4.0
6355,2.0
6356,1.0
6357,2.0
6358,4.0
6359,2.0
6360,2.0
6361,2.0
6362,2.0
6363,1.0
6364,4.0
6365,1.0
6366,1.0
6367,4.0
6369,2.0
6370,2.0
6371,2.0
6372,2.0
6374,2.0
6375,4.0
6376,2.0
6377,2.0
6378,4.0
6379,2.0
6380,1.0
6381,4.0
6382,4.0
6384,2.0
6386,1.0
6387,1.0
6388,4.0
6389,1.0
6390,2.0
6391,2.0
6392,1.0
6393,1.0
6394,2.0
6395,2.0
6396,2.0
6397,2.0
6398,4.0
6400,2.0
6401,4.0
6402,1.0
6403,2.0
6404,4.0
6405,4.0
6406,2.0
6407,2.0
6408,4.0
6409,1.0
6410,1.0
6411,2.0
6412,2.0
6413,2.0
6414,4.0
6415,2.0
6416,2.0
6417,4.0
6418,1.0
6419,2.0
6420,2.0
6421,4.0
6422,1.0
6424,1.0
6425,1.0
6426,2.0
6427,1.0
6428,2.0
6429,1.0
6430,2.0
6431,4.0
6432,2.0
6433,2.0
6434,1.0
6436,1.0
6437,2.0
6438,2.0
6439,1.0
6440,1.0
6441,2.0
6442,4.0
6443,2.0
6444,2.0
6445,2.0
6446,4.0
6447,2.0
6449,2.0
6450,4.0
6451,1.0
6452,2.0
6453,1.0
6454,1.0
6455,2.0
6456,2.0
6457,2.0
6459,2.0
6460,4.0
6461,4.0
6462,2.0
6463,4.0
6464,2.0
6465,2.0
6466,2.0
6467,2.0
6468,1.0
6469,2.0
6470,2.0
6472,2.0
6473,1.0
6474,2.0
6475,1.0
6476,2.0
6477,2.0
6478,2.0
6479,2.0
6480,2.0
6481,2.0
6482,2.0
6483,1.0
6484,4.0
6485,4.0
6486,1.0
6487,1.0
6488,4.0
6489,2.0
6490,2.0
6491,2.0
6492,1.0
6493,4.0
6494,4.0
6495,2.0
6496,2.0
6497,4.0
6498,2.0
6499,2.0
6500,2.0
6501,2.0
6502,4.0
6503,2.0
6504,2.0
6505,2.0
6506,4.0
6507,2.0
6508,2.0
6509,2.0
6510,2.0
6511,4.0
6513,4.0
6514,4.0
6515,4.0
6516,2.0
6517,4.0
6518,2.0
6519,2.0
6520,2.0
6521,1.0
6522,4.0
6523,1.0
6524,2.0
6525,2.0
6526,1.0
6528,4.0
6529,4.0
6530,2.0
6531,4.0
6532,1.0
6533,2.0
6534,4.0
6535,1.0
6536,4.0
6537,4.0
6538,2.0
6539,4.0
6540,1.0
6541,2.0
6542,4.0
6543,2.0
6544,2.0
6545,2.0
6546,4.0
6547,2.0
6548,2.0
6549,4.0
6551,2.0
6552,2.0
6553,1.0
6554,4.0
6555,2.0
6556,2.0
6557,2.0
6558,4.0
6559,2.0
6560,2.0
6561,4.0
6562,2.0
6563,2.0
6564,2.0
6565,2.0
6566,1.0
6567,1.0
6568,4.0
6569,2.0
6570,1.0
6571,2.0
6572,4.0
6573,4.0
6574,4.0
6575,1.0
6576,2.0
6577,4.0
6578,1.0
6579,2.0
6580,2.0
6581,4.0
6582,1.0
6583,1.0
6584,2.0
6585,2.0
6586,4.0
6587,2.0
6588,2.0
6589,2.0
6590,2.0
6591,2.0
6592,2.0
6593,2.0
6594,1.0
6595,2.0
6596,4.0
6597,4.0
6598,2.0
6599,1.0
6600,2.0
6601,1.0
6603,1.0
6604,4.0
6605,1.0
6606,2.0
6607,4.0
6608,2.0
6609,2.0
6610,2.0
6611,4.0
6612,2.0
6613,2.0
6614,1.0
6615,2.0
6616,2.0
6617,2.0
6618,1.0
6619,2.0
6620,2.0
6621,2.0
6622,4.0
6623,1.0
6624,2.0
6625,2.0
6626,2.0
6627,1.0
6628,2.0
6629,2.0
6630,4.0
6631,4.0
6632,2.0
6633,2.0
6634,2.0
6635,2.0
6636,4.0
6637,4.0
6638,4.0
6639,2.0
6640,2.0
6641,1.0
6642,2.0
6643,2.0
6644,4.0
6645,4.0
6646,2.0
6647,2.0
6648,2.0
6649,4.0
6650,2.0
6651,4.0
6652,4.0
6654,1.0
6655,2.0
6656,4.0
6657,4.0
6658,4.0
6659,2.0
6660,2.0
6661,2.0
6662,2.0
6663,4.0
6664,1.0
6665,2.0
6666,4.0
6667,2.0
6668,1.0
6669,1.0
6670,2.0
6671,2.0
6672,2.0
6673,2.0
6674,2.0
6676,2.0
6678,2.0
6679,2.0
6680,4.0
6681,2.0
6682,4.0
6683,4.0
6684,2.0
6685,2.0
6686,2.0
6687,2.0
6688,4.0
6689,1.0
6692,2.0
6693,4.0
6694,4.0
6695,2.0
6696,2.0
6697,4.0
6698,2.0
6700,1.0
6701,2.0
6702,2.0
6704,4.0
6705,2.0
6706,1.0
6707,2.0
6708,1.0
6709,4.0
6710,4.0
6711,2.0
6712,4.0
6713,4.0
6714,2.0
6716,2.0
6717,4.0
6718,2.0
6719,2.0
6720,2.0
6721,2.0
6722,2.0
6723,1.0
6724,2.0
6725,4.0
6726,1.0
6727,2.0
6728,2.0
6729,2.0
6730,2.0
6731,2.0
6732,4.0
6733,2.0
6734,1.0
6735,2.0
6736,2.0
6737,2.0
6738,1.0
6739,2.0
6740,2.0
6741,4.0
6742,4.0
6743,2.0
6744,2.0
6745,1.0
6746,2.0
6747,4.0
6748,4.0
6749,4.0
6750,1.0
6751,2.0
6752,2.0
6753,1.0
6754,1.0
6755,1.0
6756,4.0
6757,2.0
6758,1.0
6759,2.0
6760,4.0
6761,2.0
6762,1.0
6763,2.0
6764,1.0
6765,2.0
6766,4.0
6767,4.0
6768,4.0
6769,4.0
6770,2.0
6771,4.0
6772,4.0
6773,4.0
6774,4.0
6775,1.0
6776,2.0
6777,4.0
6778,2.0
6779,4.0
6780,2.0
6781,4.0
6782,2.0
6783,4.0
6784,2.0
6785,2.0
6786,2.0
6787,4.0
6788,2.0
6789,2.0
6790,2.0
6791,2.0
6792,1.0
6793,4.0
6794,1.0
6795,2.0
6796,4.0
6797,4.0
6798,2.0
6799,4.0
6800,2.0
6801,2.0
6802,4.0
6803,1.0
6804,1.0
6805,2.0
6806,2.0
6807,2.0
6808,1.0
6809,4.0
6810,4.0
6811,2.0
6812,2.0
6813,4.0
6814,4.0
6815,2.0
6816,2.0
6817,2.0
6818,2.0
6819,4.0
6820,2.0
6821,2.0
6822,1.0
6823,4.0
6824,1.0
6825,2.0
6826,1.0
6827,2.0
6828,4.0
6829,2.0
6830,2.0
6831,2.0
6832,2.0
6833,2.0
6834,2.0
6835,1.0
6836,1.0
6837,2.0
6838,2.0
6839,2.0
6840,2.0
6841,2.0
6842,1.0
6843,2.0
6844,1.0
6845,2.0
6846,2.0
6847,4.0
6848,1.0
6850,2.0
6851,2.0
6852,1.0
6853,4.0
6854,2.0
6855,2.0
6856,2.0
6857,2.0
6858,4.0
6860,2.0
6861,1.0
6862,4.0
6863,4.0
6864,1.0
6865,1.0
6866,2.0
6867,1.0
6868,4.0
6869,2.0
6870,2.0
6871,1.0
6872,2.0
6873,2.0
6874,2.0
6875,2.0
6876,2.0
6877,2.0
6878,2.0
6879,4.0
6880,1.0
6881,4.0
6882,2.0
6883,2.0
6884,4.0
6885,1.0
6886,1.0
6887,2.0
6888,2.0
6889,1.0
6890,2.0
6891,2.0
6892,1.0
6893,2.0
6894,1.0
6895,1.0
6896,4.0
6897,2.0
6898,1.0
6899,4.0
6900,2.0
6901,4.0
6902,4.0
6903,1.0
6904,2.0
6905,4.0
6906,2.0
6907,2.0
6908,2.0
6909,2.0
6910,2.0
6911,4.0
6912,2.0
6913,2.0
6914,1.0
6915,4.0
6916,4.0
6917,2.0
6918,2.0
6919,2.0
6920,4.0
6921,1.0
6922,2.0
6923,2.0
6924,4.0
6925,2.0
6926,1.0
6927,2.0
6928,2.0
6929,4.0
6930,2.0
6931,2.0
6932,2.0
6933,1.0
6934,2.0
6935,2.0
6936,1.0
6937,2.0
6938,2.0
6939,2.0
6940,1.0
6941,2.0
6942,4.0
6943,2.0
6944,2.0
6945,2.0
6946,2.0
6947,2.0
6948,2.0
6949,2.0
6950,2.0
6951,1.0
6952,1.0
6953,1.0
6954,4.0
6955,4.0
6957,2.0
6958,2.0
6959,2.0
6960,2.0
6961,2.0
6962,4.0
6963,4.0
6964,4.0
6965,2.0
6966,4.0
6967,4.0
6968,2.0
6969,4.0
6971,2.0
6972,4.0
6973,2.0
6974,1.0
6975,2.0
6976,2.0
6977,2.0
6978,4.0
6979,2.0
6980,1.0
6981,4.0
6982,2.0
6983,1.0
6984,2.0
6985,2.0
6986,2.0
6987,4.0
6988,4.0
6989,4.0
6990,2.0
6991,2.0
6992,2.0
6993,2.0
6995,2.0
6996,2.0
6997,2.0
6998,1.0
6999,2.0
7000,2.0
7001,4.0
7002,2.0
7003,4.0
7004,2.0
7005,1.0
7006,1.0
7007,4.0
7008,4.0
7009,4.0
7010,2.0
7011,4.0
7012,2.0
7013,4.0
7014,2.0
7015,4.0
7016,2.0
7017,2.0
7018,4.0
7019,1.0
7020,2.0
7022,2.0
7023,4.0
7024,2.0
7026,2.0
7027,2.0
7028,2.0
7029,4.0
7030,2.0
7031,1.0
7032,2.0
7033,2.0
7034,1.0
7035,1.0
7036,4.0
7037,1.0
7038,2.0
7039,1.0
7040,1.0
7042,4.0
7043,4.0
7044,2.0
7045,2.0
7046,2.0
7047,1.0
7048,2.0
7049,4.0
7050,2.0
7051,2.0
7052,1.0
7053,4.0
7054,2.0
7055,1.0
7056,4.0
7057,4.0
7059,1.0
7060,4.0
7061,4.0
7062,2.0
7063,4.0
7064,1.0
7065,2.0
7066,2.0
7067,2.0
7068,4.0
7069,2.0
7070,1.0
7071,2.0
7072,4.0
7073,4.0
7074,2.0
7075,1.0
7076,2.0
7078,4.0
7079,4.0
7080,4.0
7081,4.0
7082,2.0
7083,1.0
7084,4.0
7086,1.0
7087,1.0
7088,2.0
7089,2.0
7091,2.0
7092,4.0
7093,2.0
7094,4.0
7096,2.0
7097,2.0
7098,2.0
7099,1.0
7100,2.0
7101,4.0
7102,4.0
7103,2.0
7104,2.0
7105,2.0
7106,2.0
7107,2.0
7108,2.0
7109,4.0
7110,2.0
7111,2.0
7112,2.0
7113,1.0
7114,2.0
7115,2.0
7116,1.0
7117,4.0
7118,2.0
7119,1.0
7120,2.0
7121,2.0
7122,2.0
7123,2.0
7124,2.0
7125,4.0
7126,4.0
7127,2.0
7129,1.0
7130,2.0
7131,2.0
7132,4.0
7133,2.0
7134,2.0
7135,1.0
7136,1.0
7137,1.0
7138,1.0
7139,2.0
7140,2.0
7142,4.0
7143,2.0
7144,4.0
7145,2.0
7146,4.0
7147,2.0
7148,4.0
7149,2.0
7150,4.0
7151,2.0
7152,2.0
7153,2.0
7154,2.0
7155,2.0
7156,2.0
7157,2.0
7158,1.0
7159,2.0
7160,2.0
7161,2.0
7162,2.0
7163,1.0
7164,4.0
7166,4.0
7167,2.0
7168,2.0
7169,1.0
7170,1.0
7171,1.0
7172,4.0
7173,2.0
7174,4.0
7175,1.0
7176,2.0
7177,1.0
7178,4.0
7180,4.0
7181,4.0
7182,2.0
7183,1.0
7184,2.0
7185,2.0
7186,4.0
7187,1.0
7188,2.0
7189,2.0
7190,1.0
7191,1.0
7192,2.0
7193,2.0
7194,2.0
7195,2.0
7196,1.0
7197,2.0
7198,2.0
7199,2.0
7200,4.0
7201,2.0
7202,2.0
7203,1.0
7204,4.0
7205,4.0
7206,2.0
7208,1.0
7209,2.0
7210,2.0
7212,4.0
7213,1.0
7214,1.0
7215,2.0
7216,4.0
7217,2.0
7219,2.0
7220,2.0
7221,1.0
7222,1.0
7223,2.0
7224,2.0
7225,2.0
7226,2.0
7227,2.0
7228,1.0
7229,1.0
7230,2.0
7231,2.0
7232,2.0
7233,4.0
7234,4.0
7235,2.0
7236,2.0
7237,4.0
7238,2.0
7239,2.0
7240,4.0
7241,4.0
7242,4.0
7243,2.0
7244,1.0
7245,4.0
7246,2.0
7248,2.0
7249,2.0
7250,2.0
7251,1.0
7252,2.0
7253,4.0
7254,2.0
7255,4.0
7256,2.0
7257,2.0
7258,2.0
7259,2.0
7260,4.0
7261,2.0
7263,4.0
7264,2.0
7265,1.0
7266,1.0
7267,1.0
7268,2.0
7269,2.0
7270,4.0
7271,2.0
7272,2.0
7274,4.0
7275,4.0
7276,1.0
7277,2.0
7278,4.0
7279,4.0
7280,2.0
7281,2.0
7282,1.0
7283,1.0
7284,2.0
7285,2.0
7286,1.0
7287,2.0
7288,2.0
7289,4.0
7290,1.0
7291,2.0
7292,1.0
7293,2.0
7294,1.0
7295,2.0
7296,2.0
7297,2.0
7298,4.0
7299,4.0
7300,2.0
7301,2.0
7302,1.0
7303,2.0
7304,1.0
7305,2.0
7306,1.0
7307,1.0
7309,2.0
7310,2.0
7311,1.0
7312,4.0
7313,2.0
7314,1.0
7315,2.0
7316,2.0
7317,1.0
7318,4.0
7319,1.0
7320,1.0
7321,1.0
7322,4.0
7323,2.0
7324,4.0
7326,1.0
7327,2.0
7328,1.0
7329,2.0
7330,2.0
7331,2.0
7332,2.0
7333,2.0
7334,4.0
7335,2.0
7336,2.0
7337,1.0
7338,1.0
7339,2.0
7340,1.0
7341,2.0
7342,4.0
7343,2.0
7344,4.0
7345,2.0
7346,4.0
7347,1.0
7348,2.0
7349,4.0
7351,2.0
7352,2.0
7353,4.0
7354,1.0
7355,2.0
7356,2.0
7357,4.0
7358,4.0
7359,2.0
7360,2.0
7361,1.0
7362,4.0
7364,4.0
7365,2.0
7366,2.0
7367,2.0
7368,4.0
7369,4.0
7370,2.0
7371,2.0
7372,2.0
7373,2.0
7374,4.0
7375,2.0
7376,2.0
7377,2.0
7378,2.0
7379,1.0
7380,2.0
7381,4.0
7382,2.0
7383,1.0
7384,4.0
7385,1.0
7386,4.0
7387,2.0
7388,4.0
7389,2.0
7390,2.0
7391,2.0
7392,4.0
7393,2.0
7394,2.0
7396,2.0
7397,4.0
7398,2.0
7399,2.0
7400,4.0
7401,2.0
7402,1.0
7403,2.0
7404,2.0
7406,2.0
7407,4.0
7408,2.0
7409,2.0
7410,1.0
7411,2.0
7412,1.0
7413,1.0
7414,4.0
7415,1.0
7416,2.0
7417,2.0
7418,4.0
7419,1.0
7421,2.0
7422,4.0
7423,4.0
7424,4.0
7425,2.0
7426,4.0
7427,4.0
7428,1.0
7429,2.0
7430,2.0
7431,1.0
7432,2.0
7433,2.0
7434,2.0
7435,2.0
7436,2.0
7437,2.0
7438,4.0
7439,2.0
7440,2.0
7441,2.0
7442,2.0
7443,2.0
7444,2.0
7445,4.0
7446,2.0
7447,2.0
7448,2.0
7449,4.0
7450,2.0
7451,2.0
7452,4.0
7453,4.0
7454,4.0
7455,2.0
7456,2.0
7457,4.0
7458,2.0
7459,2.0
7460,2.0
7461,2.0
7462,2.0
7463,2.0
7464,2.0
7465,4.0
7466,2.0
7467,1.0
7468,2.0
7469,2.0
7470,2.0
7471,1.0
7472,2.0
7473,2.0
7474,4.0
7475,2.0
7476,4.0
7478,2.0
7479,1.0
7480,2.0
7481,2.0
7482,2.0
7483,4.0
7484,2.0
7485,2.0
7486,2.0
7487,1.0
7488,2.0
7489,2.0
7490,2.0
7491,1.0
7492,2.0
7493,4.0
7494,2.0
7495,1.0
7496,2.0
7497,2.0
7498,2.0
7499,1.0
7500,2.0
7501,2.0
7502,2.0
7503,4.0
7504,2.0
7505,4.0
7506,2.0
7507,1.0
7508,4.0
7509,2.0
7510,4.0
7511,2.0
7512,2.0
7513,2.0
7515,2.0
7516,1.0
7517,2.0
7518,2.0
7519,2.0
7520,2.0
7521,1.0
7522,1.0
7523,2.0
7524,2.0
7525,2.0
7526,2.0
7527,4.0
7528,4.0
7529,1.0
7530,2.0
7531,2.0
7532,2.0
7533,4.0
7534,4.0
7535,2.0
7536,2.0
7537,4.0
7538,2.0
7539,2.0
7540,4.0
7541,2.0
7542,2.0
7543,2.0
7544,4.0
7545,2.0
7546,2.0
7547,1.0
7548,2.0
7549,2.0
7550,1.0
7551,2.0
7553,2.0
7554,2.0
7555,1.0
7556,2.0
7557,2.0
7558,4.0
7560,4.0
7561,2.0
7562,4.0
7563,2.0
7564,4.0
7565,4.0
7566,1.0
7567,2.0
7570,2.0
7571,4.0
7573,2.0
7574,2.0
7575,4.0
7576,2.0
7577,2.0
7578,4.0
7579,2.0
7580,1.0
7581,4.0
7583,4.0
7584,2.0
7585,2.0
7586,2.0
7587,2.0
7588,2.0
7589,4.0
7590,2.0
7591,1.0
7592,2.0
7593,2.0
7594,2.0
7595,4.0
7596,2.0
7597,4.0
7598,1.0
7599,1.0
7600,2.0
7601,2.0
7602,4.0
7604,1.0
7605,4.0
7606,2.0
7607,4.0
7608,2.0
7609,1.0
7610,2.0
7611,4.0
7612,1.0
7613,4.0
7614,2.0
7615,2.0
7616,4.0
7617,2.0
7618,1.0
7619,2.0
7620,2.0
7621,4.0
7622,2.0
7623,4.0
7624,2.0
7625,1.0
7626,4.0
7627,2.0
7628,4.0
7629,4.0
7630,2.0
7631,2.0
7632,2.0
7633,2.0
7634,1.0
7635,1.0
7636,2.0
7637,2.0
7639,2.0
7640,2.0
7641,2.0
7642,1.0
7643,2.0
7644,2.0
7645,2.0
7646,4.0
7647,1.0
7648,4.0
7649,2.0
7650,4.0
7651,2.0
7652,4.0
7653,2.0
7655,2.0
7656,4.0
7657,2.0
7658,4.0
7659,4.0
7660,2.0
7662,4.0
7663,4.0
7664,2.0
7665,1.0
7666,4.0
7667,4.0
7668,2.0
7670,2.0
7671,2.0
7672,2.0
7673,4.0
7674,2.0
7675,2.0
7676,2.0
7677,2.0
7678,2.0
7679,2.0
7680,2.0
7681,4.0
7682,2.0
7683,1.0
7684,2.0
7685,4.0
7686,2.0
7687,2.0
7688,2.0
7689,2.0
7690,2.0
7691,1.0
7692,2.0
7693,2.0
7694,2.0
7695,2.0
7696,2.0
7697,2.0
7698,4.0
7699,4.0
7700,2.0
7701,4.0
7702,2.0
7703,4.0
7704,4.0
7705,2.0
7706,4.0
7707,4.0
7708,2.0
7709,2.0
7710,2.0
7711,4.0
7712,4.0
7714,2.0
7715,2.0
7716,4.0
7717,4.0
7718,4.0
7719,2.0
7720,2.0
7721,1.0
7722,2.0
7723,2.0
7724,1.0
7725,2.0
7726,2.0
7727,2.0
7728,2.0
7729,2.0
7730,2.0
7731,4.0
7732,2.0
7733,4.0
7734,4.0
7735,2.0
7736,2.0
7737,2.0
7738,2.0
7740,1.0
7741,4.0
7742,4.0
7744,4.0
7745,2.0
7746,2.0
7747,4.0
7748,1.0
7749,2.0
7750,2.0
7751,1.0
7753,2.0
7754,4.0
7755,2.0
7756,2.0
7757,1.0
7758,4.0
7759,2.0
7760,4.0
7761,2.0
7762,2.0
7763,2.0
7764,2.0
7765,2.0
7766,1.0
7767,4.0
7768,2.0
7770,2.0
7771,2.0
7772,2.0
7773,1.0
7774,2.0
7775,4.0
7776,1.0
7777,2.0
7778,2.0
7779,2.0
7781,2.0
7782,2.0
7783,2.0
7785,4.0
7786,2.0
7787,2.0
7788,2.0
7789,1.0
7790,4.0
7791,2.0
7792,1.0
7793,4.0
7795,4.0
7796,2.0
7797,2.0
7798,2.0
7799,2.0
7800,2.0
7801,4.0
7802,2.0
7803,2.0
7804,2.0
7805,4.0
7806,1.0
7807,2.0
7808,4.0
7809,2.0
7810,1.0
7811,1.0
7812,4.0
7813,2.0
7814,2.0
7815,1.0
7816,4.0
7817,2.0
7818,4.0
7819,4.0
7821,2.0
7822,2.0
7823,2.0
7824,2.0
7825,2.0
7826,2.0
7827,4.0
7828,2.0
7829,2.0
7830,2.0
7831,4.0
7832,2.0
7834,1.0
7835,2.0
7836,4.0
7837,2.0
7838,2.0
7839,2.0
7840,2.0
7841,2.0
7842,4.0
7843,2.0
7845,2.0
7846,1.0
7847,2.0
7848,4.0
7849,4.0
7850,4.0
7851,1.0
7852,4.0
7853,1.0
7854,2.0
7855,2.0
7856,2.0
7857,2.0
7858,4.0
7859,2.0
7860,2.0
7861,2.0
7862,2.0
7863,2.0
7864,4.0
7865,4.0
7867,2.0
7868,4.0
7870,2.0
7871,1.0
7872,2.0
7873,2.0
7875,2.0
7876,4.0
7877,2.0
7878,1.0
7879,4.0
7880,2.0
7881,4.0
7882,2.0
7883,1.0
7884,1.0
7885,2.0
7886,4.0
7887,2.0
7888,4.0
7889,1.0
7890,4.0
7891,1.0
7892,2.0
7893,2.0
7894,4.0
7895,1.0
7896,4.0
7898,1.0
7899,1.0
7900,1.0
7901,2.0
7902,1.0
7903,1.0
7904,1.0
7905,1.0
7906,2.0
7907,1.0
7908,2.0
7909,1.0
7910,1.0
7911,2.0
7912,2.0
7913,4.0
7914,1.0
7915,2.0
7916,4.0
7917,2.0
7918,2.0
7919,1.0
7920,1.0
7921,2.0
7922,4.0
7923,2.0
7924,2.0
7925,2.0
7926,2.0
7927,4.0
7928,2.0
7929,2.0
7930,1.0
7931,2.0
7932,1.0
7933,2.0
7934,4.0
7935,4.0
7936,2.0
7937,2.0
7938,2.0
7939,4.0
7940,2.0
7942,2.0
7943,1.0
7944,4.0
7945,1.0
7946,4.0
7947,2.0
7949,2.0
7950,1.0
7951,4.0
7952,2.0
7953,2.0
7954,2.0
7956,2.0
7958,4.0
7959,4.0
7960,1.0
7961,2.0
7962,2.0
7963,4.0
7964,1.0
7965,2.0
7966,2.0
7967,4.0
7968,2.0
7969,4.0
7970,2.0
7971,1.0
7972,4.0
7973,4.0
7974,1.0
7975,1.0
7977,2.0
7978,2.0
7979,2.0
7980,1.0
7981,2.0
7982,4.0
7984,2.0
7985,4.0
7986,2.0
7987,4.0
7988,2.0
7989,2.0
7990,4.0
7991,2.0
7993,1.0
7994,2.0
7995,2.0
7996,2.0
7997,2.0
7998,2.0
7999,4.0
8000,2.0
8001,2.0
8002,4.0
8004,4.0
8005,4.0
8006,2.0
8007,2.0
8008,2.0
8009,2.0
8010,2.0
8011,4.0
8012,4.0
8013,4.0
8014,1.0
8015,2.0
8016,2.0
8017,1.0
8018,2.0
8019,2.0
8020,4.0
8021,1.0
8022,4.0
8023,2.0
8024,2.0
8025,1.0
8026,2.0
8027,1.0
8028,1.0
8029,2.0
8030,4.0
8031,4.0
8032,1.0
8033,2.0
8034,2.0
8035,4.0
8036,1.0
8037,1.0
8038,2.0
8039,2.0
8040,1.0
8041,1.0
8042,4.0
8043,4.0
8044,2.0
8045,2.0
8046,4.0
8047,2.0
8048,2.0
8049,4.0
8050,1.0
8051,2.0
8052,2.0
8053,2.0
8054,2.0
8055,1.0
8056,1.0
8057,2.0
8058,2.0
8059,4.0
8060,4.0
8061,1.0
8062,2.0
8063,2.0
8064,2.0
8065,2.0
8066,1.0
8067,2.0
8068,4.0
8069,4.0
8070,2.0
8071,2.0
8072,2.0
8073,2.0
8074,2.0
8075,1.0
8076,1.0
8077,1.0
8078,4.0
8079,2.0
8080,2.0
8081,2.0
8082,2.0
8083,2.0
8084,2.0
8085,2.0
8086,2.0
8087,2.0
8088,4.0
8089,2.0
8090,2.0
8091,2.0
8092,4.0
8093,2.0
8094,2.0
8095,4.0
8096,2.0
8097,4.0
8098,2.0
8099,4.0
8100,2.0
8102,2.0
8103,2.0
8104,2.0
8105,2.0
8106,2.0
8108,4.0
8109,2.0
8110,1.0
8111,2.0
8112,1.0
8113,4.0
8114,2.0
8115,2.0
8116,4.0
8117,2.0
8118,2.0
8119,2.0
8121,1.0
8122,2.0
8123,2.0
8124,1.0
8125,1.0
8126,2.0
8128,2.0
8129,2.0
8130,1.0
8131,4.0
8132,2.0
8133,2.0
8134,2.0
8135,2.0
8136,2.0
8137,2.0
8139,1.0
8140,2.0
8141,2.0
8142,2.0
8143,4.0
8144,2.0
8145,4.0
8146,1.0
8147,4.0
8148,4.0
8149,2.0
8150,2.0
8151,1.0
8152,4.0
8153,2.0
8154,2.0
8155,2.0
8156,2.0
8157,4.0
8158,1.0
8159,1.0
8160,2.0
8161,2.0
8162,4.0
8163,2.0
8164,2.0
8165,2.0
8166,2.0
8167,2.0
8168,2.0
8169,2.0
8170,4.0
8171,2.0
8172,4.0
8174,4.0
8175,4.0
8176,2.0
8177,1.0
8179,2.0
8180,2.0
8181,1.0
8182,4.0
8183,2.0
8184,4.0
8185,2.0
8186,2.0
8187,1.0
8188,1.0
8189,2.0
8190,2.0
8191,2.0
8192,2.0
8193,4.0
8194,2.0
8195,4.0
8196,2.0
8197,4.0
8198,1.0
8200,4.0
8201,2.0
8202,2.0
8203,4.0
8204,4.0
8205,4.0
8206,4.0
8207,2.0
8208,2.0
8209,4.0
8210,2.0
8211,1.0
8212,4.0
8214,4.0
8215,2.0
8216,2.0
8217,1.0
8218,2.0
8219,4.0
8220,2.0
8221,2.0
8222,2.0
8223,1.0
8224,2.0
8225,2.0
8226,4.0
8227,4.0
8228,2.0
8229,2.0
8230,2.0
8232,4.0
8233,2.0
8234,4.0
8235,4.0
8236,2.0
8237,1.0
8238,2.0
8239,4.0
8240,2.0
8241,2.0
8242,2.0
8243,2.0
8244,4.0
8245,4.0
8246,2.0
8247,2.0
8248,2.0
8249,1.0
8251,2.0
8252,4.0
8253,2.0
8254,2.0
8255,1.0
8258,4.0
8259,2.0
8260,2.0
8261,4.0
8262,2.0
8263,1.0
8265,1.0
8266,1.0
8267,2.0
8268,4.0
8269,2.0
8270,2.0
8271,2.0
8273,2.0
8274,2.0
8276,1.0
8277,4.0
8278,1.0
8279,2.0
8280,1.0
8281,1.0
8282,1.0
8283,2.0
8284,4.0
8285,2.0
8286,2.0
8288,2.0
8289,2.0
8290,2.0
8291,1.0
8292,4.0
8293,2.0
8294,2.0
8296,2.0
8297,1.0
8299,2.0
8300,2.0
8301,4.0
8302,2.0
8303,2.0
8304,1.0
8305,4.0
8306,2.0
8307,4.0
8308,2.0
8309,2.0
8310,1.0
8311,2.0
8313,2.0
8314,1.0
8315,2.0
8316,4.0
8317,2.0
8318,2.0
8319,2.0
8321,1.0
8322,4.0
8323,1.0
8324,2.0
8325,2.0
8326,2.0
8327,2.0
8328,1.0
8329,2.0
8330,4.0
8331,4.0
8332,2.0
8334,2.0
8335,2.0
8336,4.0
8337,4.0
8338,2.0
8339,4.0
8340,2.0
8341,1.0
8342,1.0
8343,2.0
8344,4.0
8346,2.0
8347,1.0
8349,1.0
8350,2.0
8351,2.0
8352,2.0
8353,1.0
8354,4.0
8355,1.0
8356,2.0
8357,4.0
8358,2.0
8359,4.0
8360,4.0
8361,2.0
8362,2.0
8363,1.0
8364,2.0
8366,2.0
8367,2.0
8368,2.0
8369,2.0
8370,1.0
8371,4.0
8372,2.0
8373,2.0
8374,2.0
8375,2.0
8376,4.0
8377,4.0
8378,2.0
8379,4.0
8380,2.0
8381,2.0
8382,4.0
8383,2.0
8384,1.0
8385,1.0
8386,1.0
8387,2.0
8388,1.0
8389,4.0
8390,2.0
8391,2.0
8392,4.0
8393,1.0
8394,1.0
8395,2.0
8396,2.0
8397,1.0
8398,4.0
8399,2.0
8400,2.0
8401,1.0
8402,1.0
8403,4.0
8404,2.0
8405,1.0
8406,4.0
8407,2.0
8408,2.0
8409,2.0
8410,4.0
8411,2.0
8412,2.0
8413,4.0
8414,1.0
8415,2.0
8418,4.0
8419,4.0
8420,2.0
8421,4.0
8422,1.0
8423,4.0
8424,4.0
8425,2.0
8426,2.0
8427,2.0
8428,2.0
8429,2.0
8430,2.0
8431,1.0
8432,1.0
8433,1.0
8434,2.0
8435,4.0
8436,1.0
8437,2.0
8438,1.0
8439,1.0
8440,2.0
8441,4.0
8442,2.0
8443,2.0
8444,2.0
8445,2.0
8446,1.0
8447,1.0
8448,4.0
8449,2.0
8451,1.0
8452,1.0
8453,2.0
8454,4.0
8455,2.0
8456,2.0
8457,2.0
8458,4.0
8459,2.0
8460,2.0
8461,2.0
8462,1.0
8463,1.0
8464,2.0
8465,4.0
8466,2.0
8467,2.0
8468,4.0
8469,4.0
8470,2.0
8471,1.0
8472,2.0
8473,1.0
8474,2.0
8475,4.0
8476,2.0
8478,2.0
8479,2.0
8480,1.0
8481,2.0
8482,4.0
8483,4.0
8484,2.0
8486,2.0
8487,1.0
8489,1.0
8490,2.0
8492,2.0
8493,4.0
8494,2.0
8495,2.0
8496,2.0
8497,4.0
8498,2.0
8499,2.0
8500,2.0
8501,2.0
8502,1.0
8503,2.0
8504,2.0
8505,2.0
8506,1.0
8507,2.0
8508,4.0
8510,1.0
8513,2.0
8514,2.0
8515,1.0
8516,2.0
8517,4.0
8518,4.0
8519,4.0
8520,1.0
8521,2.0
8522,4.0
8523,2.0
8524,4.0
8525,1.0
8527,1.0
8528,2.0
8530,1.0
8531,2.0
8532,2.0
8533,2.0
8534,2.0
8535,4.0
8536,4.0
8537,4.0
8538,2.0
8539,2.0
8540,2.0
8541,2.0
8544,1.0
8545,4.0
8546,1.0
8547,1.0
8548,2.0
8549,2.0
8550,2.0
8551,2.0
8552,2.0
8553,2.0
8554,2.0
8555,2.0
8556,2.0
8557,2.0
8558,4.0
8559,4.0
8560,1.0
8561,2.0
8562,4.0
8563,2.0
8564,2.0
8565,2.0
8566,4.0
8567,2.0
8568,2.0
8569,1.0
8570,4.0
8571,4.0
8572,2.0
8573,2.0
8574,2.0
8575,2.0
8576,2.0
8577,2.0
8578,1.0
8579,1.0
8580,2.0
8581,4.0
8583,2.0
8584,2.0
8585,1.0
8586,1.0
8587,2.0
8588,1.0
8589,2.0
8591,2.0
8593,1.0
8594,4.0
8595,2.0
8596,2.0
8597,1.0
8598,2.0
8599,1.0
8600,4.0
8601,2.0
8602,2.0
8603,2.0
8604,2.0
8605,2.0
8606,2.0
8607,2.0
8608,4.0
8609,2.0
8610,2.0
8611,2.0
8612,2.0
8613,4.0
8614,1.0
8615,4.0
8616,1.0
8617,2.0
8618,2.0
8619,2.0
8620,2.0
8621,2.0
8622,2.0
8623,4.0
8624,2.0
8625,2.0
8626,1.0
8627,2.0
8628,2.0
8630,4.0
8631,2.0
8632,4.0
8633,2.0
8634,4.0
8635,2.0
8636,2.0
8637,2.0
8638,1.0
8639,2.0
8640,2.0
8641,1.0
8642,2.0
8643,2.0
8646,1.0
8647,2.0
8648,4.0
8649,2.0
8650,2.0
8651,4.0
8652,2.0
8653,4.0
8654,4.0
8655,2.0
8656,4.0
8657,2.0
8658,1.0
8659,2.0
8660,4.0
8661,1.0
8662,1.0
8663,2.0
8664,1.0
8665,2.0
8666,2.0
8667,2.0
8668,2.0
8669,2.0
8671,1.0
8672,2.0
8673,1.0
8674,2.0
8676,4.0
8677,2.0
8678,1.0
8679,2.0
8680,2.0
8681,2.0
8682,2.0
8683,2.0
8684,2.0
8685,2.0
8686,2.0
8687,2.0
8688,1.0
8689,2.0
8690,2.0
8691,2.0
8692,1.0
8693,4.0
8694,2.0
8695,4.0
8696,4.0
8697,2.0
8698,2.0
8699,4.0
8700,1.0
8701,4.0
8702,2.0
8703,1.0
8704,2.0
8705,4.0
8706,4.0
8707,2.0
8708,4.0
8709,2.0
8710,2.0
8711,1.0
8712,1.0
8713,1.0
8714,4.0
8715,4.0
8716,1.0
8717,2.0
8718,2.0
8719,2.0
8720,1.0
8721,2.0
8722,4.0
8724,2.0
8725,2.0
8727,2.0
8728,2.0
8729,2.0
8730,1.0
8731,1.0
8732,2.0
8733,4.0
8734,4.0
8735,2.0
8736,4.0
8737,2.0
8738,2.0
8739,2.0
8740,2.0
8741,2.0
8742,2.0
8743,2.0
8744,4.0
8745,1.0
8746,1.0
8747,2.0
8748,2.0
8750,1.0
8751,2.0
8752,2.0
8753,4.0
8754,2.0
8756,2.0
8757,2.0
8758,2.0
8759,4.0
8760,4.0
8761,1.0
8762,1.0
8763,4.0
8764,2.0
8765,2.0
8766,2.0
8767,2.0
8768,2.0
8769,2.0
8770,2.0
8771,1.0
8772,1.0
8773,1.0
8774,2.0
8775,2.0
8776,1.0
8778,2.0
8779,2.0
8780,4.0
8781,2.0
8782,2.0
8784,2.0
8785,2.0
8786,2.0
8787,2.0
8788,1.0
8789,2.0
8790,2.0
8791,4.0
8792,2.0
8793,4.0
8794,2.0
8795,4.0
8796,2.0
8797,2.0
8798,1.0
8799,4.0
8800,4.0
8801,4.0
8802,2.0
8803,1.0
8804,2.0
8805,2.0
8806,4.0
8807,2.0
8808,2.0
8809,1.0
8810,2.0
8811,2.0
8812,1.0
8814,2.0
8815,2.0
8816,2.0
8817,2.0
8818,2.0
8819,2.0
8820,2.0
8821,2.0
8822,2.0
8824,2.0
8825,1.0
8826,2.0
8827,2.0
8828,2.0
8829,2.0
8830,2.0
8831,2.0
8832,2.0
8833,1.0
8834,2.0
8835,1.0
8836,4.0
8837,1.0
8838,1.0
8839,4.0
8840,4.0
8841,2.0
8842,4.0
8843,2.0
8844,2.0
8845,2.0
8846,2.0
8847,4.0
8848,2.0
8849,4.0
8850,1.0
8851,2.0
8852,2.0
8853,2.0
8854,1.0
8855,2.0
8856,4.0
